level,displayLevel,大境界,阶段,重数,显示文案,备注
1,1级,炼气,炼气,1重,炼气1重,人物等级外显与修仙等级映射真源
2,2级,炼气,炼气,2重,炼气2重,人物等级外显与修仙等级映射真源
3,3级,炼气,炼气,3重,炼气3重,人物等级外显与修仙等级映射真源
4,4级,炼气,炼气,4重,炼气4重,人物等级外显与修仙等级映射真源
5,5级,炼气,炼气,5重,炼气5重,人物等级外显与修仙等级映射真源
6,6级,炼气,炼气,6重,炼气6重,人物等级外显与修仙等级映射真源
7,7级,炼气,炼气,7重,炼气7重,人物等级外显与修仙等级映射真源
8,8级,炼气,炼气,8重,炼气8重,人物等级外显与修仙等级映射真源
9,9级,炼气,炼气,9重,炼气9重,人物等级外显与修仙等级映射真源
10,10级,炼气,炼气,10重,炼气10重,人物等级外显与修仙等级映射真源
11,11级,筑基,筑基初期,1重,筑基初期1重,人物等级外显与修仙等级映射真源
12,12级,筑基,筑基初期,2重,筑基初期2重,人物等级外显与修仙等级映射真源
13,13级,筑基,筑基初期,3重,筑基初期3重,人物等级外显与修仙等级映射真源
14,14级,筑基,筑基初期,4重,筑基初期4重,人物等级外显与修仙等级映射真源
15,15级,筑基,筑基初期,5重,筑基初期5重,人物等级外显与修仙等级映射真源
16,16级,筑基,筑基初期,6重,筑基初期6重,人物等级外显与修仙等级映射真源
17,17级,筑基,筑基初期,7重,筑基初期7重,人物等级外显与修仙等级映射真源
18,18级,筑基,筑基初期,8重,筑基初期8重,人物等级外显与修仙等级映射真源
19,19级,筑基,筑基初期,9重,筑基初期9重,人物等级外显与修仙等级映射真源
20,20级,筑基,筑基初期,10重,筑基初期10重,人物等级外显与修仙等级映射真源
21,21级,筑基,筑基中期,1重,筑基中期1重,人物等级外显与修仙等级映射真源
22,22级,筑基,筑基中期,2重,筑基中期2重,人物等级外显与修仙等级映射真源
23,23级,筑基,筑基中期,3重,筑基中期3重,人物等级外显与修仙等级映射真源
24,24级,筑基,筑基中期,4重,筑基中期4重,人物等级外显与修仙等级映射真源
25,25级,筑基,筑基中期,5重,筑基中期5重,人物等级外显与修仙等级映射真源
26,26级,筑基,筑基中期,6重,筑基中期6重,人物等级外显与修仙等级映射真源
27,27级,筑基,筑基中期,7重,筑基中期7重,人物等级外显与修仙等级映射真源
28,28级,筑基,筑基中期,8重,筑基中期8重,人物等级外显与修仙等级映射真源
29,29级,筑基,筑基中期,9重,筑基中期9重,人物等级外显与修仙等级映射真源
30,30级,筑基,筑基中期,10重,筑基中期10重,人物等级外显与修仙等级映射真源
31,31级,筑基,筑基后期,1重,筑基后期1重,人物等级外显与修仙等级映射真源
32,32级,筑基,筑基后期,2重,筑基后期2重,人物等级外显与修仙等级映射真源
33,33级,筑基,筑基后期,3重,筑基后期3重,人物等级外显与修仙等级映射真源
34,34级,筑基,筑基后期,4重,筑基后期4重,人物等级外显与修仙等级映射真源
35,35级,筑基,筑基后期,5重,筑基后期5重,人物等级外显与修仙等级映射真源
36,36级,筑基,筑基后期,6重,筑基后期6重,人物等级外显与修仙等级映射真源
37,37级,筑基,筑基后期,7重,筑基后期7重,人物等级外显与修仙等级映射真源
38,38级,筑基,筑基后期,8重,筑基后期8重,人物等级外显与修仙等级映射真源
39,39级,筑基,筑基后期,9重,筑基后期9重,人物等级外显与修仙等级映射真源
40,40级,筑基,筑基后期,10重,筑基后期10重,人物等级外显与修仙等级映射真源
41,41级,结丹,结丹初期,1重,结丹初期1重,人物等级外显与修仙等级映射真源
42,42级,结丹,结丹初期,2重,结丹初期2重,人物等级外显与修仙等级映射真源
43,43级,结丹,结丹初期,3重,结丹初期3重,人物等级外显与修仙等级映射真源
44,44级,结丹,结丹初期,4重,结丹初期4重,人物等级外显与修仙等级映射真源
45,45级,结丹,结丹初期,5重,结丹初期5重,人物等级外显与修仙等级映射真源
46,46级,结丹,结丹初期,6重,结丹初期6重,人物等级外显与修仙等级映射真源
47,47级,结丹,结丹初期,7重,结丹初期7重,人物等级外显与修仙等级映射真源
48,48级,结丹,结丹初期,8重,结丹初期8重,人物等级外显与修仙等级映射真源
49,49级,结丹,结丹初期,9重,结丹初期9重,人物等级外显与修仙等级映射真源
50,50级,结丹,结丹初期,10重,结丹初期10重,人物等级外显与修仙等级映射真源
51,51级,结丹,结丹中期,1重,结丹中期1重,人物等级外显与修仙等级映射真源
52,52级,结丹,结丹中期,2重,结丹中期2重,人物等级外显与修仙等级映射真源
53,53级,结丹,结丹中期,3重,结丹中期3重,人物等级外显与修仙等级映射真源
54,54级,结丹,结丹中期,4重,结丹中期4重,人物等级外显与修仙等级映射真源
55,55级,结丹,结丹中期,5重,结丹中期5重,人物等级外显与修仙等级映射真源
56,56级,结丹,结丹中期,6重,结丹中期6重,人物等级外显与修仙等级映射真源
57,57级,结丹,结丹中期,7重,结丹中期7重,人物等级外显与修仙等级映射真源
58,58级,结丹,结丹中期,8重,结丹中期8重,人物等级外显与修仙等级映射真源
59,59级,结丹,结丹中期,9重,结丹中期9重,人物等级外显与修仙等级映射真源
60,60级,结丹,结丹中期,10重,结丹中期10重,人物等级外显与修仙等级映射真源
61,61级,结丹,结丹后期,1重,结丹后期1重,人物等级外显与修仙等级映射真源
62,62级,结丹,结丹后期,2重,结丹后期2重,人物等级外显与修仙等级映射真源
63,63级,结丹,结丹后期,3重,结丹后期3重,人物等级外显与修仙等级映射真源
64,64级,结丹,结丹后期,4重,结丹后期4重,人物等级外显与修仙等级映射真源
65,65级,结丹,结丹后期,5重,结丹后期5重,人物等级外显与修仙等级映射真源
66,66级,结丹,结丹后期,6重,结丹后期6重,人物等级外显与修仙等级映射真源
67,67级,结丹,结丹后期,7重,结丹后期7重,人物等级外显与修仙等级映射真源
68,68级,结丹,结丹后期,8重,结丹后期8重,人物等级外显与修仙等级映射真源
69,69级,结丹,结丹后期,9重,结丹后期9重,人物等级外显与修仙等级映射真源
70,70级,结丹,结丹后期,10重,结丹后期10重,人物等级外显与修仙等级映射真源
71,71级,元婴,元婴初期,1重,元婴初期1重,人物等级外显与修仙等级映射真源
72,72级,元婴,元婴初期,2重,元婴初期2重,人物等级外显与修仙等级映射真源
73,73级,元婴,元婴初期,3重,元婴初期3重,人物等级外显与修仙等级映射真源
74,74级,元婴,元婴初期,4重,元婴初期4重,人物等级外显与修仙等级映射真源
75,75级,元婴,元婴初期,5重,元婴初期5重,人物等级外显与修仙等级映射真源
76,76级,元婴,元婴初期,6重,元婴初期6重,人物等级外显与修仙等级映射真源
77,77级,元婴,元婴初期,7重,元婴初期7重,人物等级外显与修仙等级映射真源
78,78级,元婴,元婴初期,8重,元婴初期8重,人物等级外显与修仙等级映射真源
79,79级,元婴,元婴初期,9重,元婴初期9重,人物等级外显与修仙等级映射真源
80,80级,元婴,元婴初期,10重,元婴初期10重,人物等级外显与修仙等级映射真源
81,81级,元婴,元婴中期,1重,元婴中期1重,人物等级外显与修仙等级映射真源
82,82级,元婴,元婴中期,2重,元婴中期2重,人物等级外显与修仙等级映射真源
83,83级,元婴,元婴中期,3重,元婴中期3重,人物等级外显与修仙等级映射真源
84,84级,元婴,元婴中期,4重,元婴中期4重,人物等级外显与修仙等级映射真源
85,85级,元婴,元婴中期,5重,元婴中期5重,人物等级外显与修仙等级映射真源
86,86级,元婴,元婴中期,6重,元婴中期6重,人物等级外显与修仙等级映射真源
87,87级,元婴,元婴中期,7重,元婴中期7重,人物等级外显与修仙等级映射真源
88,88级,元婴,元婴中期,8重,元婴中期8重,人物等级外显与修仙等级映射真源
89,89级,元婴,元婴中期,9重,元婴中期9重,人物等级外显与修仙等级映射真源
90,90级,元婴,元婴中期,10重,元婴中期10重,人物等级外显与修仙等级映射真源
91,91级,元婴,元婴后期,1重,元婴后期1重,人物等级外显与修仙等级映射真源
92,92级,元婴,元婴后期,2重,元婴后期2重,人物等级外显与修仙等级映射真源
93,93级,元婴,元婴后期,3重,元婴后期3重,人物等级外显与修仙等级映射真源
94,94级,元婴,元婴后期,4重,元婴后期4重,人物等级外显与修仙等级映射真源
95,95级,元婴,元婴后期,5重,元婴后期5重,人物等级外显与修仙等级映射真源
96,96级,元婴,元婴后期,6重,元婴后期6重,人物等级外显与修仙等级映射真源
97,97级,元婴,元婴后期,7重,元婴后期7重,人物等级外显与修仙等级映射真源
98,98级,元婴,元婴后期,8重,元婴后期8重,人物等级外显与修仙等级映射真源
99,99级,元婴,元婴后期,9重,元婴后期9重,人物等级外显与修仙等级映射真源
100,100级,元婴,元婴后期,10重,元婴后期10重,人物等级外显与修仙等级映射真源
101,101级,化神,化神初期,1重,化神初期1重,人物等级外显与修仙等级映射真源
102,102级,化神,化神初期,2重,化神初期2重,人物等级外显与修仙等级映射真源
103,103级,化神,化神初期,3重,化神初期3重,人物等级外显与修仙等级映射真源
104,104级,化神,化神初期,4重,化神初期4重,人物等级外显与修仙等级映射真源
105,105级,化神,化神初期,5重,化神初期5重,人物等级外显与修仙等级映射真源
106,106级,化神,化神初期,6重,化神初期6重,人物等级外显与修仙等级映射真源
107,107级,化神,化神初期,7重,化神初期7重,人物等级外显与修仙等级映射真源
108,108级,化神,化神初期,8重,化神初期8重,人物等级外显与修仙等级映射真源
109,109级,化神,化神初期,9重,化神初期9重,人物等级外显与修仙等级映射真源
110,110级,化神,化神初期,10重,化神初期10重,人物等级外显与修仙等级映射真源
111,111级,化神,化神中期,1重,化神中期1重,人物等级外显与修仙等级映射真源
112,112级,化神,化神中期,2重,化神中期2重,人物等级外显与修仙等级映射真源
113,113级,化神,化神中期,3重,化神中期3重,人物等级外显与修仙等级映射真源
114,114级,化神,化神中期,4重,化神中期4重,人物等级外显与修仙等级映射真源
115,115级,化神,化神中期,5重,化神中期5重,人物等级外显与修仙等级映射真源
116,116级,化神,化神中期,6重,化神中期6重,人物等级外显与修仙等级映射真源
117,117级,化神,化神中期,7重,化神中期7重,人物等级外显与修仙等级映射真源
118,118级,化神,化神中期,8重,化神中期8重,人物等级外显与修仙等级映射真源
119,119级,化神,化神中期,9重,化神中期9重,人物等级外显与修仙等级映射真源
120,120级,化神,化神中期,10重,化神中期10重,人物等级外显与修仙等级映射真源
121,121级,化神,化神后期,1重,化神后期1重,人物等级外显与修仙等级映射真源
122,122级,化神,化神后期,2重,化神后期2重,人物等级外显与修仙等级映射真源
123,123级,化神,化神后期,3重,化神后期3重,人物等级外显与修仙等级映射真源
124,124级,化神,化神后期,4重,化神后期4重,人物等级外显与修仙等级映射真源
125,125级,化神,化神后期,5重,化神后期5重,人物等级外显与修仙等级映射真源
126,126级,化神,化神后期,6重,化神后期6重,人物等级外显与修仙等级映射真源
127,127级,化神,化神后期,7重,化神后期7重,人物等级外显与修仙等级映射真源
128,128级,化神,化神后期,8重,化神后期8重,人物等级外显与修仙等级映射真源
129,129级,化神,化神后期,9重,化神后期9重,人物等级外显与修仙等级映射真源
130,130级,化神,化神后期,10重,化神后期10重,人物等级外显与修仙等级映射真源
131,131级,炼虚,炼虚初期,1重,炼虚初期1重,人物等级外显与修仙等级映射真源
132,132级,炼虚,炼虚初期,2重,炼虚初期2重,人物等级外显与修仙等级映射真源
133,133级,炼虚,炼虚初期,3重,炼虚初期3重,人物等级外显与修仙等级映射真源
134,134级,炼虚,炼虚初期,4重,炼虚初期4重,人物等级外显与修仙等级映射真源
135,135级,炼虚,炼虚初期,5重,炼虚初期5重,人物等级外显与修仙等级映射真源
136,136级,炼虚,炼虚初期,6重,炼虚初期6重,人物等级外显与修仙等级映射真源
137,137级,炼虚,炼虚初期,7重,炼虚初期7重,人物等级外显与修仙等级映射真源
138,138级,炼虚,炼虚初期,8重,炼虚初期8重,人物等级外显与修仙等级映射真源
139,139级,炼虚,炼虚初期,9重,炼虚初期9重,人物等级外显与修仙等级映射真源
140,140级,炼虚,炼虚初期,10重,炼虚初期10重,人物等级外显与修仙等级映射真源
141,141级,炼虚,炼虚中期,1重,炼虚中期1重,人物等级外显与修仙等级映射真源
142,142级,炼虚,炼虚中期,2重,炼虚中期2重,人物等级外显与修仙等级映射真源
143,143级,炼虚,炼虚中期,3重,炼虚中期3重,人物等级外显与修仙等级映射真源
144,144级,炼虚,炼虚中期,4重,炼虚中期4重,人物等级外显与修仙等级映射真源
145,145级,炼虚,炼虚中期,5重,炼虚中期5重,人物等级外显与修仙等级映射真源
146,146级,炼虚,炼虚中期,6重,炼虚中期6重,人物等级外显与修仙等级映射真源
147,147级,炼虚,炼虚中期,7重,炼虚中期7重,人物等级外显与修仙等级映射真源
148,148级,炼虚,炼虚中期,8重,炼虚中期8重,人物等级外显与修仙等级映射真源
149,149级,炼虚,炼虚中期,9重,炼虚中期9重,人物等级外显与修仙等级映射真源
150,150级,炼虚,炼虚中期,10重,炼虚中期10重,人物等级外显与修仙等级映射真源
151,151级,炼虚,炼虚后期,1重,炼虚后期1重,人物等级外显与修仙等级映射真源
152,152级,炼虚,炼虚后期,2重,炼虚后期2重,人物等级外显与修仙等级映射真源
153,153级,炼虚,炼虚后期,3重,炼虚后期3重,人物等级外显与修仙等级映射真源
154,154级,炼虚,炼虚后期,4重,炼虚后期4重,人物等级外显与修仙等级映射真源
155,155级,炼虚,炼虚后期,5重,炼虚后期5重,人物等级外显与修仙等级映射真源
156,156级,炼虚,炼虚后期,6重,炼虚后期6重,人物等级外显与修仙等级映射真源
157,157级,炼虚,炼虚后期,7重,炼虚后期7重,人物等级外显与修仙等级映射真源
158,158级,炼虚,炼虚后期,8重,炼虚后期8重,人物等级外显与修仙等级映射真源
159,159级,炼虚,炼虚后期,9重,炼虚后期9重,人物等级外显与修仙等级映射真源
160,160级,炼虚,炼虚后期,10重,炼虚后期10重,人物等级外显与修仙等级映射真源
161,161级,合体,合体初期,1重,合体初期1重,人物等级外显与修仙等级映射真源
162,162级,合体,合体初期,2重,合体初期2重,人物等级外显与修仙等级映射真源
163,163级,合体,合体初期,3重,合体初期3重,人物等级外显与修仙等级映射真源
164,164级,合体,合体初期,4重,合体初期4重,人物等级外显与修仙等级映射真源
165,165级,合体,合体初期,5重,合体初期5重,人物等级外显与修仙等级映射真源
166,166级,合体,合体初期,6重,合体初期6重,人物等级外显与修仙等级映射真源
167,167级,合体,合体初期,7重,合体初期7重,人物等级外显与修仙等级映射真源
168,168级,合体,合体初期,8重,合体初期8重,人物等级外显与修仙等级映射真源
169,169级,合体,合体初期,9重,合体初期9重,人物等级外显与修仙等级映射真源
170,170级,合体,合体初期,10重,合体初期10重,人物等级外显与修仙等级映射真源
171,171级,合体,合体中期,1重,合体中期1重,人物等级外显与修仙等级映射真源
172,172级,合体,合体中期,2重,合体中期2重,人物等级外显与修仙等级映射真源
173,173级,合体,合体中期,3重,合体中期3重,人物等级外显与修仙等级映射真源
174,174级,合体,合体中期,4重,合体中期4重,人物等级外显与修仙等级映射真源
175,175级,合体,合体中期,5重,合体中期5重,人物等级外显与修仙等级映射真源
176,176级,合体,合体中期,6重,合体中期6重,人物等级外显与修仙等级映射真源
177,177级,合体,合体中期,7重,合体中期7重,人物等级外显与修仙等级映射真源
178,178级,合体,合体中期,8重,合体中期8重,人物等级外显与修仙等级映射真源
179,179级,合体,合体中期,9重,合体中期9重,人物等级外显与修仙等级映射真源
180,180级,合体,合体中期,10重,合体中期10重,人物等级外显与修仙等级映射真源
181,181级,合体,合体后期,1重,合体后期1重,人物等级外显与修仙等级映射真源
182,182级,合体,合体后期,2重,合体后期2重,人物等级外显与修仙等级映射真源
183,183级,合体,合体后期,3重,合体后期3重,人物等级外显与修仙等级映射真源
184,184级,合体,合体后期,4重,合体后期4重,人物等级外显与修仙等级映射真源
185,185级,合体,合体后期,5重,合体后期5重,人物等级外显与修仙等级映射真源
186,186级,合体,合体后期,6重,合体后期6重,人物等级外显与修仙等级映射真源
187,187级,合体,合体后期,7重,合体后期7重,人物等级外显与修仙等级映射真源
188,188级,合体,合体后期,8重,合体后期8重,人物等级外显与修仙等级映射真源
189,189级,合体,合体后期,9重,合体后期9重,人物等级外显与修仙等级映射真源
190,190级,合体,合体后期,10重,合体后期10重,人物等级外显与修仙等级映射真源
191,191级,大乘,大乘初期,1重,大乘初期1重,人物等级外显与修仙等级映射真源
192,192级,大乘,大乘初期,2重,大乘初期2重,人物等级外显与修仙等级映射真源
193,193级,大乘,大乘初期,3重,大乘初期3重,人物等级外显与修仙等级映射真源
194,194级,大乘,大乘初期,4重,大乘初期4重,人物等级外显与修仙等级映射真源
195,195级,大乘,大乘初期,5重,大乘初期5重,人物等级外显与修仙等级映射真源
196,196级,大乘,大乘初期,6重,大乘初期6重,人物等级外显与修仙等级映射真源
197,197级,大乘,大乘初期,7重,大乘初期7重,人物等级外显与修仙等级映射真源
198,198级,大乘,大乘初期,8重,大乘初期8重,人物等级外显与修仙等级映射真源
199,199级,大乘,大乘初期,9重,大乘初期9重,人物等级外显与修仙等级映射真源
200,200级,大乘,大乘初期,10重,大乘初期10重,人物等级外显与修仙等级映射真源
201,201级,大乘,大乘中期,1重,大乘中期1重,人物等级外显与修仙等级映射真源
202,202级,大乘,大乘中期,2重,大乘中期2重,人物等级外显与修仙等级映射真源
203,203级,大乘,大乘中期,3重,大乘中期3重,人物等级外显与修仙等级映射真源
204,204级,大乘,大乘中期,4重,大乘中期4重,人物等级外显与修仙等级映射真源
205,205级,大乘,大乘中期,5重,大乘中期5重,人物等级外显与修仙等级映射真源
206,206级,大乘,大乘中期,6重,大乘中期6重,人物等级外显与修仙等级映射真源
207,207级,大乘,大乘中期,7重,大乘中期7重,人物等级外显与修仙等级映射真源
208,208级,大乘,大乘中期,8重,大乘中期8重,人物等级外显与修仙等级映射真源
209,209级,大乘,大乘中期,9重,大乘中期9重,人物等级外显与修仙等级映射真源
210,210级,大乘,大乘中期,10重,大乘中期10重,人物等级外显与修仙等级映射真源
211,211级,大乘,大乘后期,1重,大乘后期1重,人物等级外显与修仙等级映射真源
212,212级,大乘,大乘后期,2重,大乘后期2重,人物等级外显与修仙等级映射真源
213,213级,大乘,大乘后期,3重,大乘后期3重,人物等级外显与修仙等级映射真源
214,214级,大乘,大乘后期,4重,大乘后期4重,人物等级外显与修仙等级映射真源
215,215级,大乘,大乘后期,5重,大乘后期5重,人物等级外显与修仙等级映射真源
216,216级,大乘,大乘后期,6重,大乘后期6重,人物等级外显与修仙等级映射真源
217,217级,大乘,大乘后期,7重,大乘后期7重,人物等级外显与修仙等级映射真源
218,218级,大乘,大乘后期,8重,大乘后期8重,人物等级外显与修仙等级映射真源
219,219级,大乘,大乘后期,9重,大乘后期9重,人物等级外显与修仙等级映射真源
220,220级,大乘,大乘后期,10重,大乘后期10重,人物等级外显与修仙等级映射真源
221,221级,渡劫,渡劫初期,1重,渡劫初期1重,人物等级外显与修仙等级映射真源
222,222级,渡劫,渡劫初期,2重,渡劫初期2重,人物等级外显与修仙等级映射真源
223,223级,渡劫,渡劫初期,3重,渡劫初期3重,人物等级外显与修仙等级映射真源
224,224级,渡劫,渡劫初期,4重,渡劫初期4重,人物等级外显与修仙等级映射真源
225,225级,渡劫,渡劫初期,5重,渡劫初期5重,人物等级外显与修仙等级映射真源
226,226级,渡劫,渡劫初期,6重,渡劫初期6重,人物等级外显与修仙等级映射真源
227,227级,渡劫,渡劫初期,7重,渡劫初期7重,人物等级外显与修仙等级映射真源
228,228级,渡劫,渡劫初期,8重,渡劫初期8重,人物等级外显与修仙等级映射真源
229,229级,渡劫,渡劫初期,9重,渡劫初期9重,人物等级外显与修仙等级映射真源
230,230级,渡劫,渡劫初期,10重,渡劫初期10重,人物等级外显与修仙等级映射真源
231,231级,渡劫,渡劫中期,1重,渡劫中期1重,人物等级外显与修仙等级映射真源
232,232级,渡劫,渡劫中期,2重,渡劫中期2重,人物等级外显与修仙等级映射真源
233,233级,渡劫,渡劫中期,3重,渡劫中期3重,人物等级外显与修仙等级映射真源
234,234级,渡劫,渡劫中期,4重,渡劫中期4重,人物等级外显与修仙等级映射真源
235,235级,渡劫,渡劫中期,5重,渡劫中期5重,人物等级外显与修仙等级映射真源
236,236级,渡劫,渡劫中期,6重,渡劫中期6重,人物等级外显与修仙等级映射真源
237,237级,渡劫,渡劫中期,7重,渡劫中期7重,人物等级外显与修仙等级映射真源
238,238级,渡劫,渡劫中期,8重,渡劫中期8重,人物等级外显与修仙等级映射真源
239,239级,渡劫,渡劫中期,9重,渡劫中期9重,人物等级外显与修仙等级映射真源
240,240级,渡劫,渡劫中期,10重,渡劫中期10重,人物等级外显与修仙等级映射真源
241,241级,渡劫,渡劫后期,1重,渡劫后期1重,人物等级外显与修仙等级映射真源
242,242级,渡劫,渡劫后期,2重,渡劫后期2重,人物等级外显与修仙等级映射真源
243,243级,渡劫,渡劫后期,3重,渡劫后期3重,人物等级外显与修仙等级映射真源
244,244级,渡劫,渡劫后期,4重,渡劫后期4重,人物等级外显与修仙等级映射真源
245,245级,渡劫,渡劫后期,5重,渡劫后期5重,人物等级外显与修仙等级映射真源
246,246级,渡劫,渡劫后期,6重,渡劫后期6重,人物等级外显与修仙等级映射真源
247,247级,渡劫,渡劫后期,7重,渡劫后期7重,人物等级外显与修仙等级映射真源
248,248级,渡劫,渡劫后期,8重,渡劫后期8重,人物等级外显与修仙等级映射真源
249,249级,渡劫,渡劫后期,9重,渡劫后期9重,人物等级外显与修仙等级映射真源
250,250级,渡劫,渡劫后期,10重,渡劫后期10重,人物等级外显与修仙等级映射真源
251,251级,真仙,真仙初期,1重,真仙初期1重,人物等级外显与修仙等级映射真源
252,252级,真仙,真仙初期,2重,真仙初期2重,人物等级外显与修仙等级映射真源
253,253级,真仙,真仙初期,3重,真仙初期3重,人物等级外显与修仙等级映射真源
254,254级,真仙,真仙初期,4重,真仙初期4重,人物等级外显与修仙等级映射真源
255,255级,真仙,真仙初期,5重,真仙初期5重,人物等级外显与修仙等级映射真源
256,256级,真仙,真仙初期,6重,真仙初期6重,人物等级外显与修仙等级映射真源
257,257级,真仙,真仙初期,7重,真仙初期7重,人物等级外显与修仙等级映射真源
258,258级,真仙,真仙初期,8重,真仙初期8重,人物等级外显与修仙等级映射真源
259,259级,真仙,真仙初期,9重,真仙初期9重,人物等级外显与修仙等级映射真源
260,260级,真仙,真仙初期,10重,真仙初期10重,人物等级外显与修仙等级映射真源
261,261级,真仙,真仙中期,1重,真仙中期1重,人物等级外显与修仙等级映射真源
262,262级,真仙,真仙中期,2重,真仙中期2重,人物等级外显与修仙等级映射真源
263,263级,真仙,真仙中期,3重,真仙中期3重,人物等级外显与修仙等级映射真源
264,264级,真仙,真仙中期,4重,真仙中期4重,人物等级外显与修仙等级映射真源
265,265级,真仙,真仙中期,5重,真仙中期5重,人物等级外显与修仙等级映射真源
266,266级,真仙,真仙中期,6重,真仙中期6重,人物等级外显与修仙等级映射真源
267,267级,真仙,真仙中期,7重,真仙中期7重,人物等级外显与修仙等级映射真源
268,268级,真仙,真仙中期,8重,真仙中期8重,人物等级外显与修仙等级映射真源
269,269级,真仙,真仙中期,9重,真仙中期9重,人物等级外显与修仙等级映射真源
270,270级,真仙,真仙中期,10重,真仙中期10重,人物等级外显与修仙等级映射真源
271,271级,真仙,真仙后期,1重,真仙后期1重,人物等级外显与修仙等级映射真源
272,272级,真仙,真仙后期,2重,真仙后期2重,人物等级外显与修仙等级映射真源
273,273级,真仙,真仙后期,3重,真仙后期3重,人物等级外显与修仙等级映射真源
274,274级,真仙,真仙后期,4重,真仙后期4重,人物等级外显与修仙等级映射真源
275,275级,真仙,真仙后期,5重,真仙后期5重,人物等级外显与修仙等级映射真源
276,276级,真仙,真仙后期,6重,真仙后期6重,人物等级外显与修仙等级映射真源
277,277级,真仙,真仙后期,7重,真仙后期7重,人物等级外显与修仙等级映射真源
278,278级,真仙,真仙后期,8重,真仙后期8重,人物等级外显与修仙等级映射真源
279,279级,真仙,真仙后期,9重,真仙后期9重,人物等级外显与修仙等级映射真源
280,280级,真仙,真仙后期,10重,真仙后期10重,人物等级外显与修仙等级映射真源
281,281级,金仙,金仙初期,1重,金仙初期1重,人物等级外显与修仙等级映射真源
282,282级,金仙,金仙初期,2重,金仙初期2重,人物等级外显与修仙等级映射真源
283,283级,金仙,金仙初期,3重,金仙初期3重,人物等级外显与修仙等级映射真源
284,284级,金仙,金仙初期,4重,金仙初期4重,人物等级外显与修仙等级映射真源
285,285级,金仙,金仙初期,5重,金仙初期5重,人物等级外显与修仙等级映射真源
286,286级,金仙,金仙初期,6重,金仙初期6重,人物等级外显与修仙等级映射真源
287,287级,金仙,金仙初期,7重,金仙初期7重,人物等级外显与修仙等级映射真源
288,288级,金仙,金仙初期,8重,金仙初期8重,人物等级外显与修仙等级映射真源
289,289级,金仙,金仙初期,9重,金仙初期9重,人物等级外显与修仙等级映射真源
290,290级,金仙,金仙初期,10重,金仙初期10重,人物等级外显与修仙等级映射真源
291,291级,金仙,金仙中期,1重,金仙中期1重,人物等级外显与修仙等级映射真源
292,292级,金仙,金仙中期,2重,金仙中期2重,人物等级外显与修仙等级映射真源
293,293级,金仙,金仙中期,3重,金仙中期3重,人物等级外显与修仙等级映射真源
294,294级,金仙,金仙中期,4重,金仙中期4重,人物等级外显与修仙等级映射真源
295,295级,金仙,金仙中期,5重,金仙中期5重,人物等级外显与修仙等级映射真源
296,296级,金仙,金仙中期,6重,金仙中期6重,人物等级外显与修仙等级映射真源
297,297级,金仙,金仙中期,7重,金仙中期7重,人物等级外显与修仙等级映射真源
298,298级,金仙,金仙中期,8重,金仙中期8重,人物等级外显与修仙等级映射真源
299,299级,金仙,金仙中期,9重,金仙中期9重,人物等级外显与修仙等级映射真源
300,300级,金仙,金仙中期,10重,金仙中期10重,人物等级外显与修仙等级映射真源
301,301级,金仙,金仙后期,1重,金仙后期1重,人物等级外显与修仙等级映射真源
302,302级,金仙,金仙后期,2重,金仙后期2重,人物等级外显与修仙等级映射真源
303,303级,金仙,金仙后期,3重,金仙后期3重,人物等级外显与修仙等级映射真源
304,304级,金仙,金仙后期,4重,金仙后期4重,人物等级外显与修仙等级映射真源
305,305级,金仙,金仙后期,5重,金仙后期5重,人物等级外显与修仙等级映射真源
306,306级,金仙,金仙后期,6重,金仙后期6重,人物等级外显与修仙等级映射真源
307,307级,金仙,金仙后期,7重,金仙后期7重,人物等级外显与修仙等级映射真源
308,308级,金仙,金仙后期,8重,金仙后期8重,人物等级外显与修仙等级映射真源
309,309级,金仙,金仙后期,9重,金仙后期9重,人物等级外显与修仙等级映射真源
310,310级,金仙,金仙后期,10重,金仙后期10重,人物等级外显与修仙等级映射真源
311,311级,太乙,太乙初期,1重,太乙初期1重,人物等级外显与修仙等级映射真源
312,312级,太乙,太乙初期,2重,太乙初期2重,人物等级外显与修仙等级映射真源
313,313级,太乙,太乙初期,3重,太乙初期3重,人物等级外显与修仙等级映射真源
314,314级,太乙,太乙初期,4重,太乙初期4重,人物等级外显与修仙等级映射真源
315,315级,太乙,太乙初期,5重,太乙初期5重,人物等级外显与修仙等级映射真源
316,316级,太乙,太乙初期,6重,太乙初期6重,人物等级外显与修仙等级映射真源
317,317级,太乙,太乙初期,7重,太乙初期7重,人物等级外显与修仙等级映射真源
318,318级,太乙,太乙初期,8重,太乙初期8重,人物等级外显与修仙等级映射真源
319,319级,太乙,太乙初期,9重,太乙初期9重,人物等级外显与修仙等级映射真源
320,320级,太乙,太乙初期,10重,太乙初期10重,人物等级外显与修仙等级映射真源
321,321级,太乙,太乙中期,1重,太乙中期1重,人物等级外显与修仙等级映射真源
322,322级,太乙,太乙中期,2重,太乙中期2重,人物等级外显与修仙等级映射真源
323,323级,太乙,太乙中期,3重,太乙中期3重,人物等级外显与修仙等级映射真源
324,324级,太乙,太乙中期,4重,太乙中期4重,人物等级外显与修仙等级映射真源
325,325级,太乙,太乙中期,5重,太乙中期5重,人物等级外显与修仙等级映射真源
326,326级,太乙,太乙中期,6重,太乙中期6重,人物等级外显与修仙等级映射真源
327,327级,太乙,太乙中期,7重,太乙中期7重,人物等级外显与修仙等级映射真源
328,328级,太乙,太乙中期,8重,太乙中期8重,人物等级外显与修仙等级映射真源
329,329级,太乙,太乙中期,9重,太乙中期9重,人物等级外显与修仙等级映射真源
330,330级,太乙,太乙中期,10重,太乙中期10重,人物等级外显与修仙等级映射真源
331,331级,太乙,太乙后期,1重,太乙后期1重,人物等级外显与修仙等级映射真源
332,332级,太乙,太乙后期,2重,太乙后期2重,人物等级外显与修仙等级映射真源
333,333级,太乙,太乙后期,3重,太乙后期3重,人物等级外显与修仙等级映射真源
334,334级,太乙,太乙后期,4重,太乙后期4重,人物等级外显与修仙等级映射真源
335,335级,太乙,太乙后期,5重,太乙后期5重,人物等级外显与修仙等级映射真源
336,336级,太乙,太乙后期,6重,太乙后期6重,人物等级外显与修仙等级映射真源
337,337级,太乙,太乙后期,7重,太乙后期7重,人物等级外显与修仙等级映射真源
338,338级,太乙,太乙后期,8重,太乙后期8重,人物等级外显与修仙等级映射真源
339,339级,太乙,太乙后期,9重,太乙后期9重,人物等级外显与修仙等级映射真源
340,340级,太乙,太乙后期,10重,太乙后期10重,人物等级外显与修仙等级映射真源
341,341级,大罗,大罗初期,1重,大罗初期1重,人物等级外显与修仙等级映射真源
342,342级,大罗,大罗初期,2重,大罗初期2重,人物等级外显与修仙等级映射真源
343,343级,大罗,大罗初期,3重,大罗初期3重,人物等级外显与修仙等级映射真源
344,344级,大罗,大罗初期,4重,大罗初期4重,人物等级外显与修仙等级映射真源
345,345级,大罗,大罗初期,5重,大罗初期5重,人物等级外显与修仙等级映射真源
346,346级,大罗,大罗初期,6重,大罗初期6重,人物等级外显与修仙等级映射真源
347,347级,大罗,大罗初期,7重,大罗初期7重,人物等级外显与修仙等级映射真源
348,348级,大罗,大罗初期,8重,大罗初期8重,人物等级外显与修仙等级映射真源
349,349级,大罗,大罗初期,9重,大罗初期9重,人物等级外显与修仙等级映射真源
350,350级,大罗,大罗初期,10重,大罗初期10重,人物等级外显与修仙等级映射真源
351,351级,大罗,大罗中期,1重,大罗中期1重,人物等级外显与修仙等级映射真源
352,352级,大罗,大罗中期,2重,大罗中期2重,人物等级外显与修仙等级映射真源
353,353级,大罗,大罗中期,3重,大罗中期3重,人物等级外显与修仙等级映射真源
354,354级,大罗,大罗中期,4重,大罗中期4重,人物等级外显与修仙等级映射真源
355,355级,大罗,大罗中期,5重,大罗中期5重,人物等级外显与修仙等级映射真源
356,356级,大罗,大罗中期,6重,大罗中期6重,人物等级外显与修仙等级映射真源
357,357级,大罗,大罗中期,7重,大罗中期7重,人物等级外显与修仙等级映射真源
358,358级,大罗,大罗中期,8重,大罗中期8重,人物等级外显与修仙等级映射真源
359,359级,大罗,大罗中期,9重,大罗中期9重,人物等级外显与修仙等级映射真源
360,360级,大罗,大罗中期,10重,大罗中期10重,人物等级外显与修仙等级映射真源
361,361级,大罗,大罗后期,1重,大罗后期1重,人物等级外显与修仙等级映射真源
362,362级,大罗,大罗后期,2重,大罗后期2重,人物等级外显与修仙等级映射真源
363,363级,大罗,大罗后期,3重,大罗后期3重,人物等级外显与修仙等级映射真源
364,364级,大罗,大罗后期,4重,大罗后期4重,人物等级外显与修仙等级映射真源
365,365级,大罗,大罗后期,5重,大罗后期5重,人物等级外显与修仙等级映射真源
366,366级,大罗,大罗后期,6重,大罗后期6重,人物等级外显与修仙等级映射真源
367,367级,大罗,大罗后期,7重,大罗后期7重,人物等级外显与修仙等级映射真源
368,368级,大罗,大罗后期,8重,大罗后期8重,人物等级外显与修仙等级映射真源
369,369级,大罗,大罗后期,9重,大罗后期9重,人物等级外显与修仙等级映射真源
370,370级,大罗,大罗后期,10重,大罗后期10重,人物等级外显与修仙等级映射真源
371,371级,道祖,道祖初期,1重,道祖初期1重,人物等级外显与修仙等级映射真源
372,372级,道祖,道祖初期,2重,道祖初期2重,人物等级外显与修仙等级映射真源
373,373级,道祖,道祖初期,3重,道祖初期3重,人物等级外显与修仙等级映射真源
374,374级,道祖,道祖初期,4重,道祖初期4重,人物等级外显与修仙等级映射真源
375,375级,道祖,道祖初期,5重,道祖初期5重,人物等级外显与修仙等级映射真源
376,376级,道祖,道祖初期,6重,道祖初期6重,人物等级外显与修仙等级映射真源
377,377级,道祖,道祖初期,7重,道祖初期7重,人物等级外显与修仙等级映射真源
378,378级,道祖,道祖初期,8重,道祖初期8重,人物等级外显与修仙等级映射真源
379,379级,道祖,道祖初期,9重,道祖初期9重,人物等级外显与修仙等级映射真源
380,380级,道祖,道祖初期,10重,道祖初期10重,人物等级外显与修仙等级映射真源
381,381级,道祖,道祖中期,1重,道祖中期1重,人物等级外显与修仙等级映射真源
382,382级,道祖,道祖中期,2重,道祖中期2重,人物等级外显与修仙等级映射真源
383,383级,道祖,道祖中期,3重,道祖中期3重,人物等级外显与修仙等级映射真源
384,384级,道祖,道祖中期,4重,道祖中期4重,人物等级外显与修仙等级映射真源
385,385级,道祖,道祖中期,5重,道祖中期5重,人物等级外显与修仙等级映射真源
386,386级,道祖,道祖中期,6重,道祖中期6重,人物等级外显与修仙等级映射真源
387,387级,道祖,道祖中期,7重,道祖中期7重,人物等级外显与修仙等级映射真源
388,388级,道祖,道祖中期,8重,道祖中期8重,人物等级外显与修仙等级映射真源
389,389级,道祖,道祖中期,9重,道祖中期9重,人物等级外显与修仙等级映射真源
390,390级,道祖,道祖中期,10重,道祖中期10重,人物等级外显与修仙等级映射真源
391,391级,道祖,道祖后期,1重,道祖后期1重,人物等级外显与修仙等级映射真源
392,392级,道祖,道祖后期,2重,道祖后期2重,人物等级外显与修仙等级映射真源
393,393级,道祖,道祖后期,3重,道祖后期3重,人物等级外显与修仙等级映射真源
394,394级,道祖,道祖后期,4重,道祖后期4重,人物等级外显与修仙等级映射真源
395,395级,道祖,道祖后期,5重,道祖后期5重,人物等级外显与修仙等级映射真源
396,396级,道祖,道祖后期,6重,道祖后期6重,人物等级外显与修仙等级映射真源
397,397级,道祖,道祖后期,7重,道祖后期7重,人物等级外显与修仙等级映射真源
398,398级,道祖,道祖后期,8重,道祖后期8重,人物等级外显与修仙等级映射真源
399,399级,道祖,道祖后期,9重,道祖后期9重,人物等级外显与修仙等级映射真源
400,400级,道祖,道祖后期,10重,道祖后期10重,人物等级外显与修仙等级映射真源
