大境界,阶段,关卡,敌人类型,出现位置,敌人名称,档案标题,气血,基础伤害,行动CD,技能1名称,技能1伤害,技能1CD,技能1效果,技能2名称,技能2伤害,技能2CD,技能2效果,技能3名称,技能3伤害,技能3CD,技能3效果,数值备注,当前可解锁神通数,最低通关神通数,最低通关神通组合,组合单次伤害,最低通关气血,最低通关预估秒数,通关结果说明,修为经验奖励
炼气,初期,野狼谷外围,普通怪,普通战斗层,灰鬃狼妖,山谷边缘游荡的狼妖,120,37,1.68,裂爪,37,1.6,,扑杀号,44,2.0,,,,,,基准值=60; hp系数=2; dmg系数=0.62,1,1,归元指,归元指:120,100,0.0,按当前正式战斗口径可稳定通关,55
炼气,初期,野狼谷外围,小Boss,第5层,铜爪狼将,率群狩猎的狼群头目,234,59,1.52,断喉扑,74,1.9,,裂骨撕咬,87,2.4,,,,,,基准值=60; hp系数=3.9; dmg系数=0.98,1,1,归元指,归元指:120,162,1.82,按当前正式战斗口径可稳定通关,180
炼气,初期,野狼谷外围,大Boss,第10层,噬月狼王,月下成王的狼谷霸主,378,83,1.42,噬月撕杀号,112,2.2,,裂岳扑杀,134,2.8,,吞血回息,71,3.4,回复气血,基准值=60; hp系数=6.3; dmg系数=1.38,1,1,归元指,归元指:120,247,2.74,按当前正式战斗口径可稳定通关,458
炼气,中期,野狼谷中心,普通怪,普通战斗层,裂齿狼妖,盘踞谷中的凶狼,160,50,1.66,裂爪,50,1.6,,扑杀号,59,2.0,,,,,,基准值=80; hp系数=2; dmg系数=0.62,1,1,归元指,归元指:120,100,0.91,按当前正式战斗口径可稳定通关,74
炼气,中期,野狼谷中心,小Boss,第5层,啸风狼将,在风中疾扑的谷中狼将,312,78,1.5,断喉扑,98,1.9,,裂骨撕咬,115,2.4,,,,,,基准值=80; hp系数=3.9; dmg系数=0.98,1,1,归元指,归元指:120,214,2.74,按当前正式战斗口径可稳定通关,239
炼气,中期,野狼谷中心,大Boss,第10层,噬月狼王,聚啸群狼的谷中狼王,504,110,1.4,噬月撕杀号,148,2.2,,裂岳扑杀,178,2.8,,吞血回息,94,3.4,回复气血,基准值=80; hp系数=6.3; dmg系数=1.38,1,1,归元指,归元指:120,569,4.56,按当前正式战斗口径可稳定通关,608
炼气,后期,野狼谷深处,普通怪,普通战斗层,血鬃狼妖,吞食血气后异变的狼妖,200,62,1.64,裂爪,62,1.6,,扑杀号,73,2.0,,,,,,基准值=100; hp系数=2; dmg系数=0.62,1,1,归元指,归元指:120,100,0.91,按当前正式战斗口径可稳定通关,92
炼气,后期,野狼谷深处,小Boss,第5层,赤瞳狼将,深处盘踞的赤目狼将,390,98,1.48,断喉扑,122,1.9,,裂骨撕咬,145,2.4,,,,,,基准值=100; hp系数=3.9; dmg系数=0.98,1,1,归元指,归元指:120,270,2.74,按当前正式战斗口径可稳定通关,300
炼气,后期,野狼谷深处,大Boss,第10层,噬月狼王,吞月异化的野狼谷王,630,138,1.38,噬月撕杀号,186,2.2,,裂岳扑杀,224,2.8,,吞血回息,117,3.4,回复气血,基准值=100; hp系数=6.3; dmg系数=1.38,1,1,归元指,归元指:120,714,5.47,按当前正式战斗口径可稳定通关,762
筑基,初期,青云剑墟,普通怪,普通战斗层,残剑灵,断剑残意化成的游魂,200,62,1.65,断锋刺,63,1.7,,回斩,76,2.1,,,,,,基准值=100; hp系数=2; dmg系数=0.62,2,2,归元指 / 破甲掌,归元指:120 / 破甲掌:142,100,0.91,按当前正式战斗口径可稳定通关,92
筑基,初期,青云剑墟,小Boss,第5层,断岳剑侍,守着剑墟门户的剑侍,390,98,1.49,穿心剑炁,127,2.0,,折锋连斩,149,2.5,,,,,,基准值=100; hp系数=3.9; dmg系数=0.98,2,2,归元指 / 破甲掌,归元指:120 / 破甲掌:142,277,2.74,按当前正式战斗口径可稳定通关,300
筑基,初期,青云剑墟,大Boss,第10层,断岳剑主,剑墟深处未灭的旧剑主,630,138,1.39,断岳斩,196,2.3,,千锋回廊,235,3.0,,剑息归身,124,3.6,回复气血,基准值=100; hp系数=6.3; dmg系数=1.38,2,2,归元指 / 破甲掌,归元指:120 / 破甲掌:142,752,5.47,按当前正式战斗口径可稳定通关,762
筑基,中期,剑阁回廊,普通怪,普通战斗层,回廊剑魂,被旧剑意束缚的剑魂,240,74,1.63,断锋刺,75,1.7,,回斩,90,2.1,,,,,,基准值=120; hp系数=2; dmg系数=0.62,2,2,归元指 / 破甲掌,归元指:120 / 破甲掌:142,100,0.91,按当前正式战斗口径可稳定通关,110
筑基,中期,剑阁回廊,小Boss,第5层,锁廊剑将,巡走回廊的剑将残魂,468,118,1.47,穿心剑炁,153,2.0,,折锋连斩,179,2.5,,,,,,基准值=120; hp系数=3.9; dmg系数=0.98,2,2,归元指 / 破甲掌,归元指:120 / 破甲掌:142,333,2.74,按当前正式战斗口径可稳定通关,361
筑基,中期,剑阁回廊,大Boss,第10层,断岳剑主,回廊尽头执念不散的剑主,756,166,1.37,断岳斩,236,2.3,,千锋回廊,282,3.0,,剑息归身,149,3.6,回复气血,基准值=120; hp系数=6.3; dmg系数=1.38,2,2,归元指 / 破甲掌,归元指:120 / 破甲掌:142,911,5.47,按当前正式战斗口径可稳定通关,912
筑基,后期,万剑峰,普通怪,普通战斗层,裂锋剑魄,万剑峰中最凶的剑魄,280,87,1.61,断锋刺,89,1.7,,回斩,106,2.1,,,,,,基准值=140; hp系数=2; dmg系数=0.62,2,2,归元指 / 破甲掌,归元指:120 / 破甲掌:142,100,0.91,按当前正式战斗口径可稳定通关,129
筑基,后期,万剑峰,小Boss,第5层,埋锋剑侯,藏于峰顶石壁的剑侯,546,137,1.45,穿心剑炁,178,2.0,,折锋连斩,208,2.5,,,,,,基准值=140; hp系数=3.9; dmg系数=0.98,2,2,归元指 / 破甲掌,归元指:120 / 破甲掌:142,565,3.65,按当前正式战斗口径可稳定通关,422
筑基,后期,万剑峰,大Boss,第10层,断岳剑主,万剑峰中残意最盛的剑主,882,193,1.35,断岳斩,274,2.3,,千锋回廊,328,3.0,,剑息归身,174,3.6,回复气血,基准值=140; hp系数=6.3; dmg系数=1.38,2,2,归元指 / 破甲掌,归元指:120 / 破甲掌:142,1395,6.39,按当前正式战斗口径可稳定通关,1062
结丹,初期,火云洞口,普通怪,普通战斗层,炽骨魔,火云洞口游荡的骨魔,280,87,1.62,炎爪,90,1.7,,灼骨扑杀,108,2.1,,,,,,基准值=140; hp系数=2; dmg系数=0.62,3,2,破甲掌 / 焚心焰,破甲掌:142 / 焚心焰:162,100,0.91,按当前正式战斗口径可稳定通关,129
结丹,初期,火云洞口,小Boss,第5层,焚血魔将,专擅扑杀的火骨魔将,546,137,1.46,熔心撞击,181,2.0,,焚脉重踏,212,2.6,,,,,,基准值=140; hp系数=3.9; dmg系数=0.98,3,2,破甲掌 / 焚心焰,破甲掌:142 / 焚心焰:162,575,3.65,按当前正式战斗口径可稳定通关,422
结丹,初期,火云洞口,大Boss,第10层,熔心魔君,以熔火为心核的洞府魔首,882,193,1.36,熔心爆斩,280,2.4,,火渊坠击,340,3.0,,吞焰回心,178,3.8,回复气血,基准值=140; hp系数=6.3; dmg系数=1.38,3,3,归元指 / 破甲掌 / 焚心焰,归元指:120 / 破甲掌:142 / 焚心焰:162,1419,6.39,按当前正式战斗口径可稳定通关,1062
结丹,中期,熔火回廊,普通怪,普通战斗层,熔火魔躯,熔火之中淬成的魔躯,320,99,1.6,炎爪,103,1.7,,灼骨扑杀,123,2.1,,,,,,基准值=160; hp系数=2; dmg系数=0.62,3,2,破甲掌 / 焚心焰,破甲掌:142 / 焚心焰:162,227,1.82,按当前正式战斗口径可稳定通关,147
结丹,中期,熔火回廊,小Boss,第5层,熔炉魔尉,守在回廊深处的熔炉魔尉,624,157,1.44,熔心撞击,207,2.0,,焚脉重踏,243,2.6,,,,,,基准值=160; hp系数=3.9; dmg系数=0.98,3,3,归元指 / 破甲掌 / 焚心焰,归元指:120 / 破甲掌:142 / 焚心焰:162,661,3.65,按当前正式战斗口径可稳定通关,483
结丹,中期,熔火回廊,大Boss,第10层,熔心魔君,火脉最深处走出的熔心魔君,1008,221,1.34,熔心爆斩,320,2.4,,火渊坠击,389,3.0,,吞焰回心,203,3.8,回复气血,基准值=160; hp系数=6.3; dmg系数=1.38,3,3,归元指 / 破甲掌 / 焚心焰,归元指:120 / 破甲掌:142 / 焚心焰:162,2145,9.12,按当前正式战斗口径可稳定通关,1216
结丹,后期,魔渊入口,普通怪,普通战斗层,灼心炎魔,接近魔渊后心火愈盛的炎魔,360,112,1.58,炎爪,116,1.7,,灼骨扑杀,139,2.1,,,,,,基准值=180; hp系数=2; dmg系数=0.62,3,2,破甲掌 / 焚心焰,破甲掌:142 / 焚心焰:162,256,2.74,按当前正式战斗口径可稳定通关,166
结丹,后期,魔渊入口,小Boss,第5层,渊火魔将,镇守魔渊入口的火魔将,702,176,1.42,熔心撞击,232,2.0,,焚脉重踏,273,2.6,,,,,,基准值=180; hp系数=3.9; dmg系数=0.98,3,2,破甲掌 / 焚心焰,破甲掌:142 / 焚心焰:162,1011,5.47,按当前正式战斗口径可稳定通关,542
结丹,后期,魔渊入口,大Boss,第10层,熔心魔君,临近魔渊时完全觉醒的炎魔之君,1134,248,1.32,熔心爆斩,360,2.4,,火渊坠击,436,3.0,,吞焰回心,228,3.8,回复气血,基准值=180; hp系数=6.3; dmg系数=1.38,3,3,归元指 / 破甲掌 / 焚心焰,归元指:120 / 破甲掌:142 / 焚心焰:162,2437,9.12,按当前正式战斗口径可稳定通关,1366
元婴,初期,冰魄渊口,普通怪,普通战斗层,霜牙雪魈,潜伏冰层后的寒魈,360,112,1.59,冰牙啮,118,1.75,,霜裂扑,141,2.15,,,,,,基准值=180; hp系数=2; dmg系数=0.62,4,2,焚心焰 / 回元术,焚心焰:162 / 回元术:82,227,2.74,按当前正式战斗口径可稳定通关,166
元婴,初期,冰魄渊口,小Boss,第5层,寒魄魈将,掌控寒流的雪魈头目,702,176,1.43,冰魄冲锋,236,2.05,,寒渊重击,278,2.65,,,,,,基准值=180; hp系数=3.9; dmg系数=0.98,4,3,破甲掌 / 焚心焰 / 回元术,破甲掌:142 / 焚心焰:162 / 回元术:82,659,3.65,按当前正式战斗口径可稳定通关,542
元婴,初期,冰魄渊口,大Boss,第10层,寒魄雪主,凝聚极寒之息的雪魄首领,1134,248,1.33,寒魄裂空,367,2.45,,霜魂震地,446,3.1,,凝霜回息,236,3.9,回复气血,基准值=180; hp系数=6.3; dmg系数=1.38,4,3,破甲掌 / 焚心焰 / 回元术,破甲掌:142 / 焚心焰:162 / 回元术:82,1701,9.12,按当前正式战斗口径可稳定通关,1366
元婴,中期,玄冰长阶,普通怪,普通战斗层,玄冰雪魈,沿长阶巡视的冰魈,400,124,1.57,冰牙啮,130,1.75,,霜裂扑,156,2.15,,,,,,基准值=200; hp系数=2; dmg系数=0.62,4,2,焚心焰 / 回元术,焚心焰:162 / 回元术:82,250,2.74,按当前正式战斗口径可稳定通关,184
元婴,中期,玄冰长阶,小Boss,第5层,踏冰魈将,长阶之上最凶的踏冰魈将,780,196,1.41,冰魄冲锋,263,2.05,,寒渊重击,310,2.65,,,,,,基准值=200; hp系数=3.9; dmg系数=0.98,4,3,破甲掌 / 焚心焰 / 回元术,破甲掌:142 / 焚心焰:162 / 回元术:82,846,3.65,按当前正式战斗口径可稳定通关,602
元婴,中期,玄冰长阶,大Boss,第10层,寒魄雪主,玄冰长阶尽头的寒主,1260,276,1.31,寒魄裂空,408,2.45,,霜魂震地,497,3.1,,凝霜回息,262,3.9,回复气血,基准值=200; hp系数=6.3; dmg系数=1.38,4,3,破甲掌 / 焚心焰 / 回元术,破甲掌:142 / 焚心焰:162 / 回元术:82,1930,9.12,按当前正式战斗口径可稳定通关,1520
元婴,后期,霜魂禁地,普通怪,普通战斗层,霜魂妖魈,霜魂禁地里凝出的雪魈,440,136,1.55,冰牙啮,143,1.75,,霜裂扑,171,2.15,,,,,,基准值=220; hp系数=2; dmg系数=0.62,4,2,焚心焰 / 回元术,焚心焰:162 / 回元术:82,280,2.74,按当前正式战斗口径可稳定通关,202
元婴,后期,霜魂禁地,小Boss,第5层,禁地主魈,看守禁地的主魈,858,216,1.39,冰魄冲锋,289,2.05,,寒渊重击,341,2.65,,,,,,基准值=220; hp系数=3.9; dmg系数=0.98,4,3,破甲掌 / 焚心焰 / 回元术,破甲掌:142 / 焚心焰:162 / 回元术:82,1097,5.47,按当前正式战斗口径可稳定通关,663
元婴,后期,霜魂禁地,大Boss,第10层,寒魄雪主,霜魂禁地中真正的雪主,1386,304,1.29,寒魄裂空,450,2.45,,霜魂震地,547,3.1,,凝霜回息,289,3.9,回复气血,基准值=220; hp系数=6.3; dmg系数=1.38,4,3,破甲掌 / 焚心焰 / 回元术,破甲掌:142 / 焚心焰:162 / 回元术:82,2534,10.95,按当前正式战斗口径可稳定通关,1674
化神,初期,雷泽外域,普通怪,普通战斗层,雷羽玄鹏,在雷泽边缘俯冲的异鹏,440,136,1.56,雷喙突袭,147,1.72,,电羽俯斩,174,2.12,,,,,,基准值=220; hp系数=2; dmg系数=0.62,5,2,回元术 / 玄雷诀,回元术:82 / 玄雷诀:195,280,2.74,按当前正式战斗口径可稳定通关,202
化神,初期,雷泽外域,小Boss,第5层,逐雷鹏将,率群盘旋的雷羽鹏将,858,216,1.4,惊雷俯冲,294,2.02,,雷泽裂翼,346,2.55,,,,,,基准值=220; hp系数=3.9; dmg系数=0.98,5,3,焚心焰 / 回元术 / 玄雷诀,焚心焰:162 / 回元术:82 / 玄雷诀:195,825,3.65,按当前正式战斗口径可稳定通关,663
化神,初期,雷泽外域,大Boss,第10层,天雷鹏王,掌驭雷霆的泽域霸主,1386,304,1.3,天雷坠翼,456,2.36,,雷泽震空,553,3.02,,吞雷回鸣,298,3.8,回复气血,基准值=220; hp系数=6.3; dmg系数=1.38,5,3,焚心焰 / 回元术 / 玄雷诀,焚心焰:162 / 回元术:82 / 玄雷诀:195,2513,10.03,按当前正式战斗口径可稳定通关,1674
化神,中期,雷泽心渊,普通怪,普通战斗层,裂电玄鹏,心渊之中振翅生电的玄鹏,480,149,1.54,雷喙突袭,161,1.72,,电羽俯斩,191,2.12,,,,,,基准值=240; hp系数=2; dmg系数=0.62,5,2,回元术 / 玄雷诀,回元术:82 / 玄雷诀:195,310,2.74,按当前正式战斗口径可稳定通关,220
化神,中期,雷泽心渊,小Boss,第5层,雷泽鹏侯,雷泽心渊中的鹏侯,936,235,1.38,惊雷俯冲,320,2.02,,雷泽裂翼,376,2.55,,,,,,基准值=240; hp系数=3.9; dmg系数=0.98,5,3,焚心焰 / 回元术 / 玄雷诀,焚心焰:162 / 回元术:82 / 玄雷诀:195,1030,3.65,按当前正式战斗口径可稳定通关,722
化神,中期,雷泽心渊,大Boss,第10层,天雷鹏王,雷泽最深处的天雷之王,1512,331,1.28,天雷坠翼,496,2.36,,雷泽震空,602,3.02,,吞雷回鸣,324,3.8,回复气血,基准值=240; hp系数=6.3; dmg系数=1.38,5,3,焚心焰 / 回元术 / 玄雷诀,焚心焰:162 / 回元术:82 / 玄雷诀:195,2759,10.95,按当前正式战斗口径可稳定通关,1824
化神,后期,天雷祭坛,普通怪,普通战斗层,祭坛雷鹏,祭坛附近最狂暴的雷鹏,520,161,1.52,雷喙突袭,174,1.72,,电羽俯斩,206,2.12,,,,,,基准值=260; hp系数=2; dmg系数=0.62,5,2,回元术 / 玄雷诀,回元术:82 / 玄雷诀:195,381,2.74,按当前正式战斗口径可稳定通关,238
化神,后期,天雷祭坛,小Boss,第5层,祭坛镇鹏,镇守祭坛前沿的雷鹏首,1014,255,1.36,惊雷俯冲,347,2.02,,雷泽裂翼,408,2.55,,,,,,基准值=260; hp系数=3.9; dmg系数=0.98,5,3,焚心焰 / 回元术 / 玄雷诀,焚心焰:162 / 回元术:82 / 玄雷诀:195,1337,4.56,按当前正式战斗口径可稳定通关,783
化神,后期,天雷祭坛,大Boss,第10层,天雷鹏王,受祭坛加持的雷鹏王,1638,359,1.26,天雷坠翼,538,2.36,,雷泽震空,653,3.02,,吞雷回鸣,352,3.8,回复气血,基准值=260; hp系数=6.3; dmg系数=1.38,5,3,焚心焰 / 回元术 / 玄雷诀,焚心焰:162 / 回元术:82 / 玄雷诀:195,3053,10.95,按当前正式战斗口径可稳定通关,1978
炼虚,初期,虚空裂隙,普通怪,普通战斗层,裂隙魔眼,自裂隙中张开的巨眼,520,161,1.53,裂瞳光束,177,1.8,,虚蚀冲击,209,2.2,,,,,,基准值=260; hp系数=2; dmg系数=0.62,6,2,玄雷诀 / 寂灭印,玄雷诀:195 / 寂灭印:220,337,2.74,按当前正式战斗口径可稳定通关,238
炼虚,初期,虚空裂隙,小Boss,第5层,虚窥魔将,能撕裂视线的魔眼将,1014,255,1.37,折界凝视,357,2.08,,虚空震裂,418,2.62,,,,,,基准值=260; hp系数=3.9; dmg系数=0.98,6,3,回元术 / 玄雷诀 / 寂灭印,回元术:82 / 玄雷诀:195 / 寂灭印:220,1133,3.65,按当前正式战斗口径可稳定通关,783
炼虚,初期,虚空裂隙,大Boss,第10层,空冥主眼,深渊尽头的虚空瞳主,1638,359,1.27,空冥灭照,553,2.42,,深渊瞳压,668,3.08,,归虚回瞳,359,3.95,回复气血,基准值=260; hp系数=6.3; dmg系数=1.38,6,3,回元术 / 玄雷诀 / 寂灭印,回元术:82 / 玄雷诀:195 / 寂灭印:220,2970,10.03,按当前正式战斗口径可稳定通关,1978
炼虚,中期,折光回廊,普通怪,普通战斗层,折光魔眼,在折光回廊游移的瞳魔,560,174,1.51,裂瞳光束,191,1.8,,虚蚀冲击,226,2.2,,,,,,基准值=280; hp系数=2; dmg系数=0.62,6,2,玄雷诀 / 寂灭印,玄雷诀:195 / 寂灭印:220,370,2.74,按当前正式战斗口径可稳定通关,257
炼虚,中期,折光回廊,小Boss,第5层,折界瞳将,操纵折界之力的瞳将,1092,274,1.35,折界凝视,384,2.08,,虚空震裂,449,2.62,,,,,,基准值=280; hp系数=3.9; dmg系数=0.98,6,3,回元术 / 玄雷诀 / 寂灭印,回元术:82 / 玄雷诀:195 / 寂灭印:220,1234,3.65,按当前正式战斗口径可稳定通关,842
炼虚,中期,折光回廊,大Boss,第10层,空冥主眼,折光最深处的主眼,1764,386,1.25,空冥灭照,594,2.42,,深渊瞳压,718,3.08,,归虚回瞳,386,3.95,回复气血,基准值=280; hp系数=6.3; dmg系数=1.38,6,3,回元术 / 玄雷诀 / 寂灭印,回元术:82 / 玄雷诀:195 / 寂灭印:220,3678,10.95,按当前正式战斗口径可稳定通关,2128
炼虚,后期,空冥之眼,普通怪,普通战斗层,空冥魔眼,空冥之眼附近最危险的窥视者,600,186,1.49,裂瞳光束,205,1.8,,虚蚀冲击,242,2.2,,,,,,基准值=300; hp系数=2; dmg系数=0.62,6,2,玄雷诀 / 寂灭印,玄雷诀:195 / 寂灭印:220,448,2.74,按当前正式战斗口径可稳定通关,275
炼虚,后期,空冥之眼,小Boss,第5层,空冥瞳将,守在空冥核心的瞳将,1170,294,1.33,折界凝视,412,2.08,,虚空震裂,482,2.62,,,,,,基准值=300; hp系数=3.9; dmg系数=0.98,6,3,回元术 / 玄雷诀 / 寂灭印,回元术:82 / 玄雷诀:195 / 寂灭印:220,1587,4.56,按当前正式战斗口径可稳定通关,902
炼虚,后期,空冥之眼,大Boss,第10层,空冥主眼,空冥之眼真正的统御者,1890,414,1.23,空冥灭照,638,2.42,,深渊瞳压,770,3.08,,归虚回瞳,414,3.95,回复气血,基准值=300; hp系数=6.3; dmg系数=1.38,6,3,回元术 / 玄雷诀 / 寂灭印,回元术:82 / 玄雷诀:195 / 寂灭印:220,3976,11.86,按当前正式战斗口径可稳定通关,2282
合体,初期,万灵原野,普通怪,普通战斗层,荒原石傀,万灵原野中沉重的石傀,600,186,1.5,岩拳,208,1.85,,碎地砸击,246,2.25,,,,,,基准值=300; hp系数=2; dmg系数=0.62,7,2,寂灭印 / 九霄雷狱,寂灭印:220 / 九霄雷狱:245,455,2.74,按当前正式战斗口径可稳定通关,275
合体,初期,万灵原野,小Boss,第5层,碎岳石将,能震裂地面的石将,1170,294,1.34,坠岳重踏,417,2.12,,归元震裂,494,2.68,,,,,,基准值=300; hp系数=3.9; dmg系数=0.98,7,3,玄雷诀 / 寂灭印 / 九霄雷狱,玄雷诀:195 / 寂灭印:220 / 九霄雷狱:245,1345,3.65,按当前正式战斗口径可稳定通关,902
合体,初期,万灵原野,大Boss,第10层,归一岩君,将百岩炼为一身的石魁首,1890,414,1.24,归一岩陨,654,2.48,,山崩镇击,787,3.12,,吞岩回身,422,4.0,回复气血,基准值=300; hp系数=6.3; dmg系数=1.38,7,3,玄雷诀 / 寂灭印 / 九霄雷狱,玄雷诀:195 / 寂灭印:220 / 九霄雷狱:245,3951,9.12,按当前正式战斗口径可稳定通关,2282
合体,中期,合元秘径,普通怪,普通战斗层,合元石傀,秘径地脉凝聚的石傀,640,198,1.48,岩拳,222,1.85,,碎地砸击,261,2.25,,,,,,基准值=320; hp系数=2; dmg系数=0.62,7,2,寂灭印 / 九霄雷狱,寂灭印:220 / 九霄雷狱:245,484,2.74,按当前正式战斗口径可稳定通关,293
合体,中期,合元秘径,小Boss,第5层,合元石侯,秘径中心的石侯,1248,314,1.32,坠岳重踏,446,2.12,,归元震裂,528,2.68,,,,,,基准值=320; hp系数=3.9; dmg系数=0.98,7,3,玄雷诀 / 寂灭印 / 九霄雷狱,玄雷诀:195 / 寂灭印:220 / 九霄雷狱:245,1639,4.56,按当前正式战斗口径可稳定通关,963
合体,中期,合元秘径,大Boss,第10层,归一岩君,合元秘径最终的岩君,2016,442,1.22,归一岩陨,698,2.48,,山崩镇击,840,3.12,,吞岩回身,451,4.0,回复气血,基准值=320; hp系数=6.3; dmg系数=1.38,7,3,玄雷诀 / 寂灭印 / 九霄雷狱,玄雷诀:195 / 寂灭印:220 / 九霄雷狱:245,4373,11.86,按当前正式战斗口径可稳定通关,2435
合体,后期,归一殿,普通怪,普通战斗层,归一石傀,归一殿外最古老的石傀,680,211,1.46,岩拳,236,1.85,,碎地砸击,279,2.25,,,,,,基准值=340; hp系数=2; dmg系数=0.62,7,3,玄雷诀 / 寂灭印 / 九霄雷狱,玄雷诀:195 / 寂灭印:220 / 九霄雷狱:245,516,2.74,按当前正式战斗口径可稳定通关,312
合体,后期,归一殿,小Boss,第5层,归殿石君,归一殿前的岩甲守将,1326,333,1.3,坠岳重踏,473,2.12,,归元震裂,559,2.68,,,,,,基准值=340; hp系数=3.9; dmg系数=0.98,7,3,玄雷诀 / 寂灭印 / 九霄雷狱,玄雷诀:195 / 寂灭印:220 / 九霄雷狱:245,1761,4.56,按当前正式战斗口径可稳定通关,1022
合体,后期,归一殿,大Boss,第10层,归一岩君,归一殿中真正的岩道之君,2142,469,1.2,归一岩陨,741,2.48,,山崩镇击,891,3.12,,吞岩回身,478,4.0,回复气血,基准值=340; hp系数=6.3; dmg系数=1.38,7,3,玄雷诀 / 寂灭印 / 九霄雷狱,玄雷诀:195 / 寂灭印:220 / 九霄雷狱:245,4700,11.86,按当前正式战斗口径可稳定通关,2586
大乘,初期,天门外域,普通怪,普通战斗层,星阙灵蛇,借星辉腾挪的灵蛇,680,211,1.47,星牙突咬,241,1.86,,流辉绞杀,283,2.26,,,,,,基准值=340; hp系数=2; dmg系数=0.62,8,3,寂灭印 / 九霄雷狱 / 万劫斩,寂灭印:220 / 九霄雷狱:245 / 万劫斩:270,525,1.82,按当前正式战斗口径可稳定通关,312
大乘,初期,天门外域,小Boss,第5层,巡星蛇将,引导星辉的蛇将,1326,333,1.31,巡天扑咬,480,2.14,,星桥镇尾,566,2.7,,,,,,基准值=340; hp系数=3.9; dmg系数=0.98,8,3,寂灭印 / 九霄雷狱 / 万劫斩,寂灭印:220 / 九霄雷狱:245 / 万劫斩:270,1562,3.65,按当前正式战斗口径可稳定通关,1022
大乘,初期,天门外域,大Boss,第10层,巡天玄螭,天阙深处的古老巡天兽,2142,469,1.21,玄螭天落,750,2.5,,巡天裂穹,910,3.16,,吞辉回元,488,4.05,回复气血,基准值=340; hp系数=6.3; dmg系数=1.38,8,3,寂灭印 / 九霄雷狱 / 万劫斩,寂灭印:220 / 九霄雷狱:245 / 万劫斩:270,3590,19.16,按当前正式战斗口径可稳定通关,2586
大乘,中期,星阙长桥,普通怪,普通战斗层,桥巡灵蛇,巡游长桥的天蛇,720,223,1.45,星牙突咬,254,1.86,,流辉绞杀,299,2.26,,,,,,基准值=360; hp系数=2; dmg系数=0.62,8,3,寂灭印 / 九霄雷狱 / 万劫斩,寂灭印:220 / 九霄雷狱:245 / 万劫斩:270,554,1.82,按当前正式战斗口径可稳定通关,330
大乘,中期,星阙长桥,小Boss,第5层,长桥蛇侯,长桥中心的蛇侯,1404,353,1.29,巡天扑咬,508,2.14,,星桥镇尾,600,2.7,,,,,,基准值=360; hp系数=3.9; dmg系数=0.98,8,3,寂灭印 / 九霄雷狱 / 万劫斩,寂灭印:220 / 九霄雷狱:245 / 万劫斩:270,1792,4.56,按当前正式战斗口径可稳定通关,1083
大乘,中期,星阙长桥,大Boss,第10层,巡天玄螭,星阙长桥尽头的玄螭,2268,497,1.19,玄螭天落,795,2.5,,巡天裂穹,964,3.16,,吞辉回元,517,4.05,回复气血,基准值=360; hp系数=6.3; dmg系数=1.38,8,3,寂灭印 / 九霄雷狱 / 万劫斩,寂灭印:220 / 九霄雷狱:245 / 万劫斩:270,3938,20.98,按当前正式战斗口径可稳定通关,2739
大乘,后期,天阙神庭,普通怪,普通战斗层,神庭灵蛇,盘踞神庭边缘的灵蛇,760,236,1.43,星牙突咬,269,1.86,,流辉绞杀,316,2.26,,,,,,基准值=380; hp系数=2; dmg系数=0.62,8,3,寂灭印 / 九霄雷狱 / 万劫斩,寂灭印:220 / 九霄雷狱:245 / 万劫斩:270,586,2.74,按当前正式战斗口径可稳定通关,349
大乘,后期,天阙神庭,小Boss,第5层,神庭玄螭,接近玄螭血脉的天蛇,1482,372,1.27,巡天扑咬,536,2.14,,星桥镇尾,632,2.7,,,,,,基准值=380; hp系数=3.9; dmg系数=0.98,8,3,寂灭印 / 九霄雷狱 / 万劫斩,寂灭印:220 / 九霄雷狱:245 / 万劫斩:270,1910,4.56,按当前正式战斗口径可稳定通关,1144
大乘,后期,天阙神庭,大Boss,第10层,巡天玄螭,神庭上空盘踞的巡天玄螭,2394,524,1.17,玄螭天落,838,2.5,,巡天裂穹,1017,3.16,,吞辉回元,545,4.05,回复气血,基准值=380; hp系数=6.3; dmg系数=1.38,8,3,寂灭印 / 九霄雷狱 / 万劫斩,寂灭印:220 / 九霄雷狱:245 / 万劫斩:270,4385,27.36,按当前正式战斗口径可稳定通关,2890
渡劫,初期,劫云海口,普通怪,普通战斗层,劫火尸王,焦土中复苏的尸王,760,236,1.44,劫火爪,274,1.9,,雷尸扑杀号,321,2.28,,,,,,基准值=380; hp系数=2; dmg系数=0.62,9,3,九霄雷狱 / 万劫斩 / 劫火噬,九霄雷狱:245 / 万劫斩:270 / 劫火噬:292,596,2.74,按当前正式战斗口径可稳定通关,349
渡劫,初期,劫云海口,小Boss,第5层,劫雷尸将,沐劫雷而不死的尸将,1482,372,1.28,断界尸冲,543,2.18,,天罚震地,647,2.74,,,,,,基准值=380; hp系数=3.9; dmg系数=0.98,9,3,九霄雷狱 / 万劫斩 / 劫火噬,九霄雷狱:245 / 万劫斩:270 / 劫火噬:292,1943,4.56,按当前正式战斗口径可稳定通关,1144
渡劫,初期,劫云海口,大Boss,第10层,天罚尸尊,被雷劫淬炼而不灭的尸尊,2394,524,1.18,天罚尸临,849,2.54,,雷殛坠杀,1038,3.18,,吞劫回尸,555,4.1,回复气血,基准值=380; hp系数=6.3; dmg系数=1.38,9,3,九霄雷狱 / 万劫斩 / 劫火噬,九霄雷狱:245 / 万劫斩:270 / 劫火噬:292,4440,24.63,按当前正式战斗口径可稳定通关,2890
渡劫,中期,雷光断界,普通怪,普通战斗层,断界尸王,在断界徘徊的不灭尸王,800,248,1.42,劫火爪,288,1.9,,雷尸扑杀号,337,2.28,,,,,,基准值=400; hp系数=2; dmg系数=0.62,9,3,九霄雷狱 / 万劫斩 / 劫火噬,九霄雷狱:245 / 万劫斩:270 / 劫火噬:292,626,2.74,按当前正式战斗口径可稳定通关,367
渡劫,中期,雷光断界,小Boss,第5层,雷断尸侯,被雷断界异化的尸侯,1560,392,1.26,断界尸冲,572,2.18,,天罚震地,682,2.74,,,,,,基准值=400; hp系数=3.9; dmg系数=0.98,9,3,九霄雷狱 / 万劫斩 / 劫火噬,九霄雷狱:245 / 万劫斩:270 / 劫火噬:292,2340,5.47,按当前正式战斗口径可稳定通关,1205
渡劫,中期,雷光断界,大Boss,第10层,天罚尸尊,雷光断界中的不灭尸尊,2520,552,1.16,天罚尸临,894,2.54,,雷殛坠杀,1093,3.18,,吞劫回尸,585,4.1,回复气血,基准值=400; hp系数=6.3; dmg系数=1.38,9,3,九霄雷狱 / 万劫斩 / 劫火噬,九霄雷狱:245 / 万劫斩:270 / 劫火噬:292,4780,24.63,按当前正式战斗口径可稳定通关,3040
渡劫,后期,天罚祭台,普通怪,普通战斗层,祭台尸王,祭台雷火中站起的尸王,840,260,1.4,劫火爪,302,1.9,,雷尸扑杀号,354,2.28,,,,,,基准值=420; hp系数=2; dmg系数=0.62,9,3,九霄雷狱 / 万劫斩 / 劫火噬,九霄雷狱:245 / 万劫斩:270 / 劫火噬:292,661,2.74,按当前正式战斗口径可稳定通关,385
渡劫,后期,天罚祭台,小Boss,第5层,天罚尸将,祭台前最凶戾的尸将,1638,412,1.24,断界尸冲,602,2.18,,天罚震地,717,2.74,,,,,,基准值=420; hp系数=3.9; dmg系数=0.98,9,3,九霄雷狱 / 万劫斩 / 劫火噬,九霄雷狱:245 / 万劫斩:270 / 劫火噬:292,2500,7.3,按当前正式战斗口径可稳定通关,1265
渡劫,后期,天罚祭台,大Boss,第10层,天罚尸尊,天罚祭台真正的主宰,2646,580,1.14,天罚尸临,940,2.54,,雷殛坠杀,1148,3.18,,吞劫回尸,615,4.1,回复气血,基准值=420; hp系数=6.3; dmg系数=1.38,9,3,九霄雷狱 / 万劫斩 / 劫火噬,九霄雷狱:245 / 万劫斩:270 / 劫火噬:292,5236,29.19,按当前正式战斗口径可稳定通关,3194
真仙,初期,仙庭云径,普通怪,普通战斗层,云庭幻狐,善于幻形迷惑来者的妖狐,840,260,1.41,幻爪,307,1.92,,踏云突袭,359,2.3,,,,,,基准值=420; hp系数=2; dmg系数=0.62,10,3,万劫斩 / 劫火噬 / 仙意破军,万劫斩:270 / 劫火噬:292 / 仙意破军:315,667,2.74,按当前正式战斗口径可稳定通关,385
真仙,初期,仙庭云径,小Boss,第5层,踏云狐将,穿行云径的狐将,1638,412,1.25,魅月扑杀号,610,2.2,,流云断喉,725,2.78,,,,,,基准值=420; hp系数=3.9; dmg系数=0.98,10,3,万劫斩 / 劫火噬 / 仙意破军,万劫斩:270 / 劫火噬:292 / 仙意破军:315,2475,5.47,按当前正式战斗口径可稳定通关,1265
真仙,初期,仙庭云径,大Boss,第10层,九尾云尊,披云踏月的仙狐之尊,2646,580,1.15,九尾裂月,963,2.58,,云庭魅杀号,1160,3.22,,吞月回灵,626,4.12,回复气血,基准值=420; hp系数=6.3; dmg系数=1.38,10,3,万劫斩 / 劫火噬 / 仙意破军,万劫斩:270 / 劫火噬:292 / 仙意破军:315,5275,32.84,按当前正式战斗口径可稳定通关,3194
真仙,中期,紫微宫门,普通怪,普通战斗层,紫微幻狐,宫门前盘桓的幻狐,880,273,1.39,幻爪,322,1.92,,踏云突袭,377,2.3,,,,,,基准值=440; hp系数=2; dmg系数=0.62,10,3,万劫斩 / 劫火噬 / 仙意破军,万劫斩:270 / 劫火噬:292 / 仙意破军:315,704,2.74,按当前正式战斗口径可稳定通关,404
真仙,中期,紫微宫门,小Boss,第5层,宫门狐侯,紫微宫门前的狐侯,1716,431,1.23,魅月扑杀号,638,2.2,,流云断喉,759,2.78,,,,,,基准值=440; hp系数=3.9; dmg系数=0.98,10,3,万劫斩 / 劫火噬 / 仙意破军,万劫斩:270 / 劫火噬:292 / 仙意破军:315,2640,7.3,按当前正式战斗口径可稳定通关,1324
真仙,中期,紫微宫门,大Boss,第10层,九尾云尊,紫微宫门后的九尾尊者,2772,607,1.13,九尾裂月,1008,2.58,,云庭魅杀号,1214,3.22,,吞月回灵,656,4.12,回复气血,基准值=440; hp系数=6.3; dmg系数=1.38,10,3,万劫斩 / 劫火噬 / 仙意破军,万劫斩:270 / 劫火噬:292 / 仙意破军:315,5787,33.75,按当前正式战斗口径可稳定通关,3344
真仙,后期,太清仙阙,普通怪,普通战斗层,太清幻狐,仙阙之上最难看破的狐影,920,285,1.37,幻爪,336,1.92,,踏云突袭,393,2.3,,,,,,基准值=460; hp系数=2; dmg系数=0.62,10,3,万劫斩 / 劫火噬 / 仙意破军,万劫斩:270 / 劫火噬:292 / 仙意破军:315,734,2.74,按当前正式战斗口径可稳定通关,422
真仙,后期,太清仙阙,小Boss,第5层,仙阙狐妃,仙阙中的狐妃化影,1794,451,1.21,魅月扑杀号,667,2.2,,流云断喉,794,2.78,,,,,,基准值=460; hp系数=3.9; dmg系数=0.98,10,3,万劫斩 / 劫火噬 / 仙意破军,万劫斩:270 / 劫火噬:292 / 仙意破军:315,2911,8.21,按当前正式战斗口径可稳定通关,1385
真仙,后期,太清仙阙,大Boss,第10层,九尾云尊,太清仙阙中真正的九尾云尊,2898,635,1.11,九尾裂月,1054,2.58,,云庭魅杀号,1270,3.22,,吞月回灵,686,4.12,回复气血,基准值=460; hp系数=6.3; dmg系数=1.38,10,3,万劫斩 / 劫火噬 / 仙意破军,万劫斩:270 / 劫火噬:292 / 仙意破军:315,6230,37.4,按当前正式战斗口径可稳定通关,3498
金仙,初期,金阙天街,普通怪,普通战斗层,金乌残灵,羽端仍带天火的残灵,920,285,1.38,曜羽穿击,342,1.94,,残阳坠翼,399,2.32,,,,,,基准值=460; hp系数=2; dmg系数=0.62,11,3,劫火噬 / 仙意破军 / 金阙斩,劫火噬:292 / 仙意破军:315 / 金阙斩:336,746,2.74,按当前正式战斗口径可稳定通关,422
金仙,初期,金阙天街,小Boss,第5层,曜羽乌将,操控残阳火羽的乌将,1794,451,1.22,乌炎俯冲,676,2.22,,金羽裂焰,803,2.8,,,,,,基准值=460; hp系数=3.9; dmg系数=0.98,11,3,劫火噬 / 仙意破军 / 金阙斩,劫火噬:292 / 仙意破军:315 / 金阙斩:336,2750,5.47,按当前正式战斗口径可稳定通关,1385
金仙,初期,金阙天街,大Boss,第10层,曜阳乌皇,守着昔日天火的乌皇,2898,635,1.12,曜阳坠天,1067,2.6,,天火焚轮,1283,3.26,,吞炎回皇,698,4.16,回复气血,基准值=460; hp系数=6.3; dmg系数=1.38,11,3,劫火噬 / 仙意破军 / 金阙斩,劫火噬:292 / 仙意破军:315 / 金阙斩:336,6235,15.51,按当前正式战斗口径可稳定通关,3498
金仙,中期,琉璃天廊,普通怪,普通战斗层,琉璃乌灵,在琉璃天廊振翅的乌灵,960,298,1.36,曜羽穿击,358,1.94,,残阳坠翼,417,2.32,,,,,,基准值=480; hp系数=2; dmg系数=0.62,11,3,劫火噬 / 仙意破军 / 金阙斩,劫火噬:292 / 仙意破军:315 / 金阙斩:336,793,1.82,按当前正式战斗口径可稳定通关,441
金仙,中期,琉璃天廊,小Boss,第5层,天廊乌侯,巡视天廊的乌侯,1872,470,1.2,乌炎俯冲,705,2.22,,金羽裂焰,837,2.8,,,,,,基准值=480; hp系数=3.9; dmg系数=0.98,11,3,劫火噬 / 仙意破军 / 金阙斩,劫火噬:292 / 仙意破军:315 / 金阙斩:336,3007,4.56,按当前正式战斗口径可稳定通关,1444
金仙,中期,琉璃天廊,大Boss,第10层,曜阳乌皇,琉璃天廊尽头的乌皇,3024,662,1.1,曜阳坠天,1112,2.6,,天火焚轮,1337,3.26,,吞炎回皇,728,4.16,回复气血,基准值=480; hp系数=6.3; dmg系数=1.38,11,3,劫火噬 / 仙意破军 / 金阙斩,劫火噬:292 / 仙意破军:315 / 金阙斩:336,6785,41.05,按当前正式战斗口径可稳定通关,3648
金仙,后期,金轮法界,普通怪,普通战斗层,金轮乌灵,金轮法界中最灼热的乌灵,1000,310,1.34,曜羽穿击,372,1.94,,残阳坠翼,434,2.32,,,,,,基准值=500; hp系数=2; dmg系数=0.62,11,3,劫火噬 / 仙意破军 / 金阙斩,劫火噬:292 / 仙意破军:315 / 金阙斩:336,988,3.65,按当前正式战斗口径可稳定通关,459
金仙,后期,金轮法界,小Boss,第5层,金轮乌帅,盘踞法界上空的乌帅,1950,490,1.18,乌炎俯冲,735,2.22,,金羽裂焰,872,2.8,,,,,,基准值=500; hp系数=3.9; dmg系数=0.98,11,3,劫火噬 / 仙意破军 / 金阙斩,劫火噬:292 / 仙意破军:315 / 金阙斩:336,3206,8.21,按当前正式战斗口径可稳定通关,1505
金仙,后期,金轮法界,大Boss,第10层,曜阳乌皇,金轮法界中浴火不灭的乌皇,3150,690,1.08,曜阳坠天,1159,2.6,,天火焚轮,1394,3.26,,吞炎回皇,759,4.16,回复气血,基准值=500; hp系数=6.3; dmg系数=1.38,11,3,劫火噬 / 仙意破军 / 金阙斩,劫火噬:292 / 仙意破军:315 / 金阙斩:336,7290,53.82,按当前正式战斗口径可稳定通关,3802
太乙,初期,太乙玄原,普通怪,普通战斗层,太乙莲魄,青莲之气凝成的灵魄,1000,310,1.35,莲锋刺,378,1.96,,青瓣回斩,440,2.34,,,,,,基准值=500; hp系数=2; dmg系数=0.62,12,3,仙意破军 / 金阙斩 / 太乙诛邪,仙意破军:315 / 金阙斩:336 / 太乙诛邪:358,830,1.82,按当前正式战斗口径可稳定通关,459
太乙,初期,太乙玄原,小Boss,第5层,青莲魄将,可驱使莲影的魄将,1950,490,1.19,万象莲落,745,2.24,,玄阵碎华,882,2.82,,,,,,基准值=500; hp系数=3.9; dmg系数=0.98,12,3,仙意破军 / 金阙斩 / 太乙诛邪,仙意破军:315 / 金阙斩:336 / 太乙诛邪:358,2815,5.47,按当前正式战斗口径可稳定通关,1505
太乙,初期,太乙玄原,大Boss,第10层,玄天莲尊,坐镇万象宫的莲尊化影,3150,690,1.09,玄天莲坠,1187,2.62,,万象归刃,1421,3.28,,聚莲回息,773,4.18,回复气血,基准值=500; hp系数=6.3; dmg系数=1.38,12,3,仙意破军 / 金阙斩 / 太乙诛邪,仙意破军:315 / 金阙斩:336 / 太乙诛邪:358,5730,35.57,按当前正式战斗口径可稳定通关,3802
太乙,中期,万象宫,普通怪,普通战斗层,万象莲魄,在万象宫中浮动的莲魄,1040,322,1.33,莲锋刺,393,1.96,,青瓣回斩,457,2.34,,,,,,基准值=520; hp系数=2; dmg系数=0.62,12,3,仙意破军 / 金阙斩 / 太乙诛邪,仙意破军:315 / 金阙斩:336 / 太乙诛邪:358,870,1.82,按当前正式战斗口径可稳定通关,477
太乙,中期,万象宫,小Boss,第5层,万象莲侯,万象宫中心的莲侯,2028,510,1.17,万象莲落,775,2.24,,玄阵碎华,918,2.82,,,,,,基准值=520; hp系数=3.9; dmg系数=0.98,12,3,仙意破军 / 金阙斩 / 太乙诛邪,仙意破军:315 / 金阙斩:336 / 太乙诛邪:358,2964,10.95,按当前正式战斗口径可稳定通关,1566
太乙,中期,万象宫,大Boss,第10层,玄天莲尊,玄原与万象宫共鸣后的莲尊,3276,718,1.07,玄天莲坠,1235,2.62,,万象归刃,1479,3.28,,聚莲回息,804,4.18,回复气血,基准值=520; hp系数=6.3; dmg系数=1.38,12,3,仙意破军 / 金阙斩 / 太乙诛邪,仙意破军:315 / 金阙斩:336 / 太乙诛邪:358,6224,44.7,按当前正式战斗口径可稳定通关,3955
太乙,后期,玄天法阵,普通怪,普通战斗层,玄天莲魄,法阵深处最锋锐的莲魄,1080,335,1.31,莲锋刺,409,1.96,,青瓣回斩,476,2.34,,,,,,基准值=540; hp系数=2; dmg系数=0.62,12,3,仙意破军 / 金阙斩 / 太乙诛邪,仙意破军:315 / 金阙斩:336 / 太乙诛邪:358,1041,3.65,按当前正式战斗口径可稳定通关,496
太乙,后期,玄天法阵,小Boss,第5层,玄阵莲尊,法阵核心诞生的莲尊化影,2106,529,1.15,万象莲落,804,2.24,,玄阵碎华,952,2.82,,,,,,基准值=540; hp系数=3.9; dmg系数=0.98,12,3,仙意破军 / 金阙斩 / 太乙诛邪,仙意破军:315 / 金阙斩:336 / 太乙诛邪:358,3100,10.95,按当前正式战斗口径可稳定通关,1624
太乙,后期,玄天法阵,大Boss,第10层,玄天莲尊,玄天法阵中心苏醒的莲尊,3402,745,1.05,玄天莲坠,1281,2.62,,万象归刃,1535,3.28,,聚莲回息,834,4.18,回复气血,基准值=540; hp系数=6.3; dmg系数=1.38,12,3,仙意破军 / 金阙斩 / 太乙诛邪,仙意破军:315 / 金阙斩:336 / 太乙诛邪:358,6632,46.52,按当前正式战斗口径可稳定通关,4106
大罗,初期,大罗界外,普通怪,普通战斗层,星海古鲸,缓缓横渡星海的古鲸,1080,335,1.32,鲸尾横扫,415,2.0,,星潮冲撞,482,2.36,,,,,,基准值=540; hp系数=2; dmg系数=0.62,13,3,金阙斩 / 太乙诛邪 / 大罗天灾,金阙斩:336 / 太乙诛邪:358 / 大罗天灾:378,1056,3.65,按当前正式战斗口径可稳定通关,496
大罗,初期,大罗界外,小Boss,第5层,裂海鲸将,翻涌星潮的鲸将,2106,529,1.16,裂海镇压,825,2.28,,寂灭坠潮,973,2.86,,,,,,基准值=540; hp系数=3.9; dmg系数=0.98,13,3,金阙斩 / 太乙诛邪 / 大罗天灾,金阙斩:336 / 太乙诛邪:358 / 大罗天灾:378,3175,10.95,按当前正式战斗口径可稳定通关,1624
大罗,初期,大罗界外,大Boss,第10层,寂灭鲸祖,深空尽头的古鲸始祖,3402,745,1.06,鲸祖覆海,1311,2.66,,寂灭吞空,1564,3.32,,回潮息身,849,4.22,回复气血,基准值=540; hp系数=6.3; dmg系数=1.38,13,3,金阙斩 / 太乙诛邪 / 大罗天灾,金阙斩:336 / 太乙诛邪:358 / 大罗天灾:378,6715,52.91,按当前正式战斗口径可稳定通关,4106
大罗,中期,寂灭长阶,普通怪,普通战斗层,寂灭古鲸,寂灭长阶边缘的巨鲸,1120,347,1.3,鲸尾横扫,430,2.0,,星潮冲撞,500,2.36,,,,,,基准值=560; hp系数=2; dmg系数=0.62,13,3,金阙斩 / 太乙诛邪 / 大罗天灾,金阙斩:336 / 太乙诛邪:358 / 大罗天灾:378,1094,3.65,按当前正式战斗口径可稳定通关,514
大罗,中期,寂灭长阶,小Boss,第5层,长阶鲸侯,长阶之上的鲸侯,2184,549,1.14,裂海镇压,856,2.28,,寂灭坠潮,1010,2.86,,,,,,基准值=560; hp系数=3.9; dmg系数=0.98,13,3,金阙斩 / 太乙诛邪 / 大罗天灾,金阙斩:336 / 太乙诛邪:358 / 大罗天灾:378,3375,7.3,按当前正式战斗口径可稳定通关,1685
大罗,中期,寂灭长阶,大Boss,第10层,寂灭鲸祖,寂灭长阶真正的鲸祖,3528,773,1.04,鲸祖覆海,1360,2.66,,寂灭吞空,1623,3.32,,回潮息身,881,4.22,回复气血,基准值=560; hp系数=6.3; dmg系数=1.38,13,3,金阙斩 / 太乙诛邪 / 大罗天灾,金阙斩:336 / 太乙诛邪:358 / 大罗天灾:378,7130,43.78,按当前正式战斗口径可稳定通关,4259
大罗,后期,无尽道场,普通怪,普通战斗层,道场古鲸,无尽道场中投下阴影的古鲸,1160,360,1.28,鲸尾横扫,446,2.0,,星潮冲撞,518,2.36,,,,,,基准值=580; hp系数=2; dmg系数=0.62,13,3,金阙斩 / 太乙诛邪 / 大罗天灾,金阙斩:336 / 太乙诛邪:358 / 大罗天灾:378,1135,3.65,按当前正式战斗口径可稳定通关,533
大罗,后期,无尽道场,小Boss,第5层,无尽鲸君,道场深处的鲸君,2262,568,1.12,裂海镇压,886,2.28,,寂灭坠潮,1045,2.86,,,,,,基准值=580; hp系数=3.9; dmg系数=0.98,13,3,金阙斩 / 太乙诛邪 / 大罗天灾,金阙斩:336 / 太乙诛邪:358 / 大罗天灾:378,3519,7.3,按当前正式战斗口径可稳定通关,1744
大罗,后期,无尽道场,大Boss,第10层,寂灭鲸祖,无尽道场中最古老的鲸祖,3654,800,1.02,鲸祖覆海,1408,2.66,,寂灭吞空,1680,3.32,,回潮息身,912,4.22,回复气血,基准值=580; hp系数=6.3; dmg系数=1.38,13,3,金阙斩 / 太乙诛邪 / 大罗天灾,金阙斩:336 / 太乙诛邪:358 / 大罗天灾:378,7570,38.31,按当前正式战斗口径可稳定通关,4410
道祖,初期,道祖外庭,普通怪,普通战斗层,混元古龙,混元流光中显形的龙影,1160,360,1.29,龙爪裂空,454,2.02,,混元龙息,526,2.4,,,,,,基准值=580; hp系数=2; dmg系数=0.62,14,3,太乙诛邪 / 大罗天灾 / 万道归一,太乙诛邪:358 / 大罗天灾:378 / 万道归一:405,1154,3.65,按当前正式战斗口径可稳定通关,533
道祖,初期,道祖外庭,小Boss,第5层,混元龙将,执掌混元龙息的龙将,2262,568,1.13,大道镇杀号,897,2.3,,万道龙压,1068,2.9,,,,,,基准值=580; hp系数=3.9; dmg系数=0.98,14,3,太乙诛邪 / 大罗天灾 / 万道归一,太乙诛邪:358 / 大罗天灾:378 / 万道归一:405,3575,7.3,按当前正式战斗口径可稳定通关,1744
道祖,初期,道祖外庭,大Boss,第10层,万道龙祖,道场尽头盘踞的龙祖真影,3654,800,1.03,龙祖临道,1440,2.7,,万道归灭,1728,3.38,,归元回祖,928,4.28,回复气血,基准值=580; hp系数=6.3; dmg系数=1.38,14,3,太乙诛邪 / 大罗天灾 / 万道归一,太乙诛邪:358 / 大罗天灾:378 / 万道归一:405,7784,54.73,按当前正式战斗口径可稳定通关,4410
道祖,中期,混元大道,普通怪,普通战斗层,大道古龙,大道震鸣时浮现的古龙,1200,372,1.27,龙爪裂空,469,2.02,,混元龙息,543,2.4,,,,,,基准值=600; hp系数=2; dmg系数=0.62,14,3,太乙诛邪 / 大罗天灾 / 万道归一,太乙诛邪:358 / 大罗天灾:378 / 万道归一:405,1192,3.65,按当前正式战斗口径可稳定通关,551
道祖,中期,混元大道,小Boss,第5层,大道龙侯,大道尽头的龙侯,2340,588,1.11,大道镇杀号,929,2.3,,万道龙压,1105,2.9,,,,,,基准值=600; hp系数=3.9; dmg系数=0.98,14,3,太乙诛邪 / 大罗天灾 / 万道归一,太乙诛邪:358 / 大罗天灾:378 / 万道归一:405,4015,12.77,按当前正式战斗口径可稳定通关,1805
道祖,中期,混元大道,大Boss,第10层,万道龙祖,混元大道真正的终极龙祖,3780,828,1.01,龙祖临道,1490,2.7,,万道归灭,1788,3.38,,归元回祖,960,4.28,回复气血,基准值=600; hp系数=6.3; dmg系数=1.38,14,3,太乙诛邪 / 大罗天灾 / 万道归一,太乙诛邪:358 / 大罗天灾:378 / 万道归一:405,8295,49.26,按当前正式战斗口径可稳定通关,4563
道祖,后期,万道之心,普通怪,普通战斗层,万道古龙,守在万道之心外围的古龙,1240,384,1.25,龙爪裂空,484,2.02,,混元龙息,561,2.4,,,,,,基准值=620; hp系数=2; dmg系数=0.62,14,3,太乙诛邪 / 大罗天灾 / 万道归一,太乙诛邪:358 / 大罗天灾:378 / 万道归一:405,1240,3.65,按当前正式战斗口径可稳定通关,569
道祖,后期,万道之心,小Boss,第5层,万道龙君,万道之心前的龙君,2418,608,1.09,大道镇杀号,961,2.3,,万道龙压,1143,2.9,,,,,,基准值=620; hp系数=3.9; dmg系数=0.98,14,3,太乙诛邪 / 大罗天灾 / 万道归一,太乙诛邪:358 / 大罗天灾:378 / 万道归一:405,4300,6.39,按当前正式战斗口径可稳定通关,1866
道祖,后期,万道之心,大Boss,第10层,万道龙祖,万道之心核心显现的龙祖,3906,856,0.99,龙祖临道,1541,2.7,,万道归灭,1849,3.38,,归元回祖,993,4.28,回复气血,基准值=620; hp系数=6.3; dmg系数=1.38,14,3,太乙诛邪 / 大罗天灾 / 万道归一,太乙诛邪:358 / 大罗天灾:378 / 万道归一:405,8885,76.62,按当前正式战斗口径可稳定通关,4714
