enemyId,大境界,阶段,关卡,敌人类型,敌人名称,档案标题,完整立绘文件,缩略图文件,推荐尺寸,背景要求,提示词,状态
炼气_初期_野狼谷外围_普通怪_灰鬃狼妖,炼气,初期,野狼谷外围,普通怪,灰鬃狼妖,山谷边缘游荡的狼妖,炼气_初期_野狼谷外围_普通怪_灰鬃狼妖_full.png,炼气_初期_野狼谷外围_普通怪_灰鬃狼妖_thumb.png,1024x1536,透明背景,中国修仙世界观妖物立绘，炼气初期，灰鬃狼妖，山谷边缘游荡的狼妖，类型为普通怪，竖版单体角色立绘，正面或三分之四视角，细节清晰，适合微信小游戏战斗界面，透明背景，金棕冷暗色调，非Q版，非科幻。,待生成
炼气_初期_野狼谷外围_小Boss_铜爪狼将,炼气,初期,野狼谷外围,小Boss,铜爪狼将,率群狩猎的狼群头目,炼气_初期_野狼谷外围_小Boss_铜爪狼将_full.png,炼气_初期_野狼谷外围_小Boss_铜爪狼将_thumb.png,1024x1536,透明背景,中国修仙世界观妖物立绘，炼气初期，铜爪狼将，率群狩猎的狼群头目，类型为小Boss，竖版单体角色立绘，正面或三分之四视角，细节清晰，适合微信小游戏战斗界面，透明背景，金棕冷暗色调，非Q版，非科幻。,待生成
炼气_初期_野狼谷外围_大Boss_噬月狼王,炼气,初期,野狼谷外围,大Boss,噬月狼王,月下成王的狼谷霸主,炼气_初期_野狼谷外围_大Boss_噬月狼王_full.png,炼气_初期_野狼谷外围_大Boss_噬月狼王_thumb.png,1024x1536,透明背景,中国修仙世界观妖物立绘，炼气初期，噬月狼王，月下成王的狼谷霸主，类型为大Boss，竖版单体角色立绘，正面或三分之四视角，细节清晰，适合微信小游戏战斗界面，透明背景，金棕冷暗色调，非Q版，非科幻。,待生成
炼气_中期_野狼谷中心_普通怪_裂齿狼妖,炼气,中期,野狼谷中心,普通怪,裂齿狼妖,盘踞谷中的凶狼,炼气_中期_野狼谷中心_普通怪_裂齿狼妖_full.png,炼气_中期_野狼谷中心_普通怪_裂齿狼妖_thumb.png,1024x1536,透明背景,中国修仙世界观妖物立绘，炼气中期，裂齿狼妖，盘踞谷中的凶狼，类型为普通怪，竖版单体角色立绘，正面或三分之四视角，细节清晰，适合微信小游戏战斗界面，透明背景，金棕冷暗色调，非Q版，非科幻。,待生成
炼气_中期_野狼谷中心_小Boss_啸风狼将,炼气,中期,野狼谷中心,小Boss,啸风狼将,在风中疾扑的谷中狼将,炼气_中期_野狼谷中心_小Boss_啸风狼将_full.png,炼气_中期_野狼谷中心_小Boss_啸风狼将_thumb.png,1024x1536,透明背景,中国修仙世界观妖物立绘，炼气中期，啸风狼将，在风中疾扑的谷中狼将，类型为小Boss，竖版单体角色立绘，正面或三分之四视角，细节清晰，适合微信小游戏战斗界面，透明背景，金棕冷暗色调，非Q版，非科幻。,待生成
炼气_中期_野狼谷中心_大Boss_噬月狼王,炼气,中期,野狼谷中心,大Boss,噬月狼王,聚啸群狼的谷中狼王,炼气_中期_野狼谷中心_大Boss_噬月狼王_full.png,炼气_中期_野狼谷中心_大Boss_噬月狼王_thumb.png,1024x1536,透明背景,中国修仙世界观妖物立绘，炼气中期，噬月狼王，聚啸群狼的谷中狼王，类型为大Boss，竖版单体角色立绘，正面或三分之四视角，细节清晰，适合微信小游戏战斗界面，透明背景，金棕冷暗色调，非Q版，非科幻。,待生成
炼气_后期_野狼谷深处_普通怪_血鬃狼妖,炼气,后期,野狼谷深处,普通怪,血鬃狼妖,吞食血气后异变的狼妖,炼气_后期_野狼谷深处_普通怪_血鬃狼妖_full.png,炼气_后期_野狼谷深处_普通怪_血鬃狼妖_thumb.png,1024x1536,透明背景,中国修仙世界观妖物立绘，炼气后期，血鬃狼妖，吞食血气后异变的狼妖，类型为普通怪，竖版单体角色立绘，正面或三分之四视角，细节清晰，适合微信小游戏战斗界面，透明背景，金棕冷暗色调，非Q版，非科幻。,待生成
炼气_后期_野狼谷深处_小Boss_赤瞳狼将,炼气,后期,野狼谷深处,小Boss,赤瞳狼将,深处盘踞的赤目狼将,炼气_后期_野狼谷深处_小Boss_赤瞳狼将_full.png,炼气_后期_野狼谷深处_小Boss_赤瞳狼将_thumb.png,1024x1536,透明背景,中国修仙世界观妖物立绘，炼气后期，赤瞳狼将，深处盘踞的赤目狼将，类型为小Boss，竖版单体角色立绘，正面或三分之四视角，细节清晰，适合微信小游戏战斗界面，透明背景，金棕冷暗色调，非Q版，非科幻。,待生成
炼气_后期_野狼谷深处_大Boss_噬月狼王,炼气,后期,野狼谷深处,大Boss,噬月狼王,吞月异化的野狼谷王,炼气_后期_野狼谷深处_大Boss_噬月狼王_full.png,炼气_后期_野狼谷深处_大Boss_噬月狼王_thumb.png,1024x1536,透明背景,中国修仙世界观妖物立绘，炼气后期，噬月狼王，吞月异化的野狼谷王，类型为大Boss，竖版单体角色立绘，正面或三分之四视角，细节清晰，适合微信小游戏战斗界面，透明背景，金棕冷暗色调，非Q版，非科幻。,待生成
筑基_初期_青云剑墟_普通怪_残剑灵,筑基,初期,青云剑墟,普通怪,残剑灵,断剑残意化成的游魂,筑基_初期_青云剑墟_普通怪_残剑灵_full.png,筑基_初期_青云剑墟_普通怪_残剑灵_thumb.png,1024x1536,透明背景,中国修仙世界观妖物立绘，筑基初期，残剑灵，断剑残意化成的游魂，类型为普通怪，竖版单体角色立绘，正面或三分之四视角，细节清晰，适合微信小游戏战斗界面，透明背景，金棕冷暗色调，非Q版，非科幻。,待生成
筑基_初期_青云剑墟_小Boss_断岳剑侍,筑基,初期,青云剑墟,小Boss,断岳剑侍,守着剑墟门户的剑侍,筑基_初期_青云剑墟_小Boss_断岳剑侍_full.png,筑基_初期_青云剑墟_小Boss_断岳剑侍_thumb.png,1024x1536,透明背景,中国修仙世界观妖物立绘，筑基初期，断岳剑侍，守着剑墟门户的剑侍，类型为小Boss，竖版单体角色立绘，正面或三分之四视角，细节清晰，适合微信小游戏战斗界面，透明背景，金棕冷暗色调，非Q版，非科幻。,待生成
筑基_初期_青云剑墟_大Boss_断岳剑主,筑基,初期,青云剑墟,大Boss,断岳剑主,剑墟深处未灭的旧剑主,筑基_初期_青云剑墟_大Boss_断岳剑主_full.png,筑基_初期_青云剑墟_大Boss_断岳剑主_thumb.png,1024x1536,透明背景,中国修仙世界观妖物立绘，筑基初期，断岳剑主，剑墟深处未灭的旧剑主，类型为大Boss，竖版单体角色立绘，正面或三分之四视角，细节清晰，适合微信小游戏战斗界面，透明背景，金棕冷暗色调，非Q版，非科幻。,待生成
筑基_中期_剑阁回廊_普通怪_回廊剑魂,筑基,中期,剑阁回廊,普通怪,回廊剑魂,被旧剑意束缚的剑魂,筑基_中期_剑阁回廊_普通怪_回廊剑魂_full.png,筑基_中期_剑阁回廊_普通怪_回廊剑魂_thumb.png,1024x1536,透明背景,中国修仙世界观妖物立绘，筑基中期，回廊剑魂，被旧剑意束缚的剑魂，类型为普通怪，竖版单体角色立绘，正面或三分之四视角，细节清晰，适合微信小游戏战斗界面，透明背景，金棕冷暗色调，非Q版，非科幻。,待生成
筑基_中期_剑阁回廊_小Boss_锁廊剑将,筑基,中期,剑阁回廊,小Boss,锁廊剑将,巡走回廊的剑将残魂,筑基_中期_剑阁回廊_小Boss_锁廊剑将_full.png,筑基_中期_剑阁回廊_小Boss_锁廊剑将_thumb.png,1024x1536,透明背景,中国修仙世界观妖物立绘，筑基中期，锁廊剑将，巡走回廊的剑将残魂，类型为小Boss，竖版单体角色立绘，正面或三分之四视角，细节清晰，适合微信小游戏战斗界面，透明背景，金棕冷暗色调，非Q版，非科幻。,待生成
筑基_中期_剑阁回廊_大Boss_断岳剑主,筑基,中期,剑阁回廊,大Boss,断岳剑主,回廊尽头执念不散的剑主,筑基_中期_剑阁回廊_大Boss_断岳剑主_full.png,筑基_中期_剑阁回廊_大Boss_断岳剑主_thumb.png,1024x1536,透明背景,中国修仙世界观妖物立绘，筑基中期，断岳剑主，回廊尽头执念不散的剑主，类型为大Boss，竖版单体角色立绘，正面或三分之四视角，细节清晰，适合微信小游戏战斗界面，透明背景，金棕冷暗色调，非Q版，非科幻。,待生成
筑基_后期_万剑峰_普通怪_裂锋剑魄,筑基,后期,万剑峰,普通怪,裂锋剑魄,万剑峰中最凶的剑魄,筑基_后期_万剑峰_普通怪_裂锋剑魄_full.png,筑基_后期_万剑峰_普通怪_裂锋剑魄_thumb.png,1024x1536,透明背景,中国修仙世界观妖物立绘，筑基后期，裂锋剑魄，万剑峰中最凶的剑魄，类型为普通怪，竖版单体角色立绘，正面或三分之四视角，细节清晰，适合微信小游戏战斗界面，透明背景，金棕冷暗色调，非Q版，非科幻。,待生成
筑基_后期_万剑峰_小Boss_埋锋剑侯,筑基,后期,万剑峰,小Boss,埋锋剑侯,藏于峰顶石壁的剑侯,筑基_后期_万剑峰_小Boss_埋锋剑侯_full.png,筑基_后期_万剑峰_小Boss_埋锋剑侯_thumb.png,1024x1536,透明背景,中国修仙世界观妖物立绘，筑基后期，埋锋剑侯，藏于峰顶石壁的剑侯，类型为小Boss，竖版单体角色立绘，正面或三分之四视角，细节清晰，适合微信小游戏战斗界面，透明背景，金棕冷暗色调，非Q版，非科幻。,待生成
筑基_后期_万剑峰_大Boss_断岳剑主,筑基,后期,万剑峰,大Boss,断岳剑主,万剑峰中残意最盛的剑主,筑基_后期_万剑峰_大Boss_断岳剑主_full.png,筑基_后期_万剑峰_大Boss_断岳剑主_thumb.png,1024x1536,透明背景,中国修仙世界观妖物立绘，筑基后期，断岳剑主，万剑峰中残意最盛的剑主，类型为大Boss，竖版单体角色立绘，正面或三分之四视角，细节清晰，适合微信小游戏战斗界面，透明背景，金棕冷暗色调，非Q版，非科幻。,待生成
结丹_初期_火云洞口_普通怪_炽骨魔,结丹,初期,火云洞口,普通怪,炽骨魔,火云洞口游荡的骨魔,结丹_初期_火云洞口_普通怪_炽骨魔_full.png,结丹_初期_火云洞口_普通怪_炽骨魔_thumb.png,1024x1536,透明背景,中国修仙世界观妖物立绘，结丹初期，炽骨魔，火云洞口游荡的骨魔，类型为普通怪，竖版单体角色立绘，正面或三分之四视角，细节清晰，适合微信小游戏战斗界面，透明背景，金棕冷暗色调，非Q版，非科幻。,待生成
结丹_初期_火云洞口_小Boss_焚血魔将,结丹,初期,火云洞口,小Boss,焚血魔将,专擅扑杀的火骨魔将,结丹_初期_火云洞口_小Boss_焚血魔将_full.png,结丹_初期_火云洞口_小Boss_焚血魔将_thumb.png,1024x1536,透明背景,中国修仙世界观妖物立绘，结丹初期，焚血魔将，专擅扑杀的火骨魔将，类型为小Boss，竖版单体角色立绘，正面或三分之四视角，细节清晰，适合微信小游戏战斗界面，透明背景，金棕冷暗色调，非Q版，非科幻。,待生成
结丹_初期_火云洞口_大Boss_熔心魔君,结丹,初期,火云洞口,大Boss,熔心魔君,以熔火为心核的洞府魔首,结丹_初期_火云洞口_大Boss_熔心魔君_full.png,结丹_初期_火云洞口_大Boss_熔心魔君_thumb.png,1024x1536,透明背景,中国修仙世界观妖物立绘，结丹初期，熔心魔君，以熔火为心核的洞府魔首，类型为大Boss，竖版单体角色立绘，正面或三分之四视角，细节清晰，适合微信小游戏战斗界面，透明背景，金棕冷暗色调，非Q版，非科幻。,待生成
结丹_中期_熔火回廊_普通怪_熔火魔躯,结丹,中期,熔火回廊,普通怪,熔火魔躯,熔火之中淬成的魔躯,结丹_中期_熔火回廊_普通怪_熔火魔躯_full.png,结丹_中期_熔火回廊_普通怪_熔火魔躯_thumb.png,1024x1536,透明背景,中国修仙世界观妖物立绘，结丹中期，熔火魔躯，熔火之中淬成的魔躯，类型为普通怪，竖版单体角色立绘，正面或三分之四视角，细节清晰，适合微信小游戏战斗界面，透明背景，金棕冷暗色调，非Q版，非科幻。,待生成
结丹_中期_熔火回廊_小Boss_熔炉魔尉,结丹,中期,熔火回廊,小Boss,熔炉魔尉,守在回廊深处的熔炉魔尉,结丹_中期_熔火回廊_小Boss_熔炉魔尉_full.png,结丹_中期_熔火回廊_小Boss_熔炉魔尉_thumb.png,1024x1536,透明背景,中国修仙世界观妖物立绘，结丹中期，熔炉魔尉，守在回廊深处的熔炉魔尉，类型为小Boss，竖版单体角色立绘，正面或三分之四视角，细节清晰，适合微信小游戏战斗界面，透明背景，金棕冷暗色调，非Q版，非科幻。,待生成
结丹_中期_熔火回廊_大Boss_熔心魔君,结丹,中期,熔火回廊,大Boss,熔心魔君,火脉最深处走出的熔心魔君,结丹_中期_熔火回廊_大Boss_熔心魔君_full.png,结丹_中期_熔火回廊_大Boss_熔心魔君_thumb.png,1024x1536,透明背景,中国修仙世界观妖物立绘，结丹中期，熔心魔君，火脉最深处走出的熔心魔君，类型为大Boss，竖版单体角色立绘，正面或三分之四视角，细节清晰，适合微信小游戏战斗界面，透明背景，金棕冷暗色调，非Q版，非科幻。,待生成
结丹_后期_魔渊入口_普通怪_灼心炎魔,结丹,后期,魔渊入口,普通怪,灼心炎魔,接近魔渊后心火愈盛的炎魔,结丹_后期_魔渊入口_普通怪_灼心炎魔_full.png,结丹_后期_魔渊入口_普通怪_灼心炎魔_thumb.png,1024x1536,透明背景,中国修仙世界观妖物立绘，结丹后期，灼心炎魔，接近魔渊后心火愈盛的炎魔，类型为普通怪，竖版单体角色立绘，正面或三分之四视角，细节清晰，适合微信小游戏战斗界面，透明背景，金棕冷暗色调，非Q版，非科幻。,待生成
结丹_后期_魔渊入口_小Boss_渊火魔将,结丹,后期,魔渊入口,小Boss,渊火魔将,镇守魔渊入口的火魔将,结丹_后期_魔渊入口_小Boss_渊火魔将_full.png,结丹_后期_魔渊入口_小Boss_渊火魔将_thumb.png,1024x1536,透明背景,中国修仙世界观妖物立绘，结丹后期，渊火魔将，镇守魔渊入口的火魔将，类型为小Boss，竖版单体角色立绘，正面或三分之四视角，细节清晰，适合微信小游戏战斗界面，透明背景，金棕冷暗色调，非Q版，非科幻。,待生成
结丹_后期_魔渊入口_大Boss_熔心魔君,结丹,后期,魔渊入口,大Boss,熔心魔君,临近魔渊时完全觉醒的炎魔之君,结丹_后期_魔渊入口_大Boss_熔心魔君_full.png,结丹_后期_魔渊入口_大Boss_熔心魔君_thumb.png,1024x1536,透明背景,中国修仙世界观妖物立绘，结丹后期，熔心魔君，临近魔渊时完全觉醒的炎魔之君，类型为大Boss，竖版单体角色立绘，正面或三分之四视角，细节清晰，适合微信小游戏战斗界面，透明背景，金棕冷暗色调，非Q版，非科幻。,待生成
元婴_初期_冰魄渊口_普通怪_霜牙雪魈,元婴,初期,冰魄渊口,普通怪,霜牙雪魈,潜伏冰层后的寒魈,元婴_初期_冰魄渊口_普通怪_霜牙雪魈_full.png,元婴_初期_冰魄渊口_普通怪_霜牙雪魈_thumb.png,1024x1536,透明背景,中国修仙世界观妖物立绘，元婴初期，霜牙雪魈，潜伏冰层后的寒魈，类型为普通怪，竖版单体角色立绘，正面或三分之四视角，细节清晰，适合微信小游戏战斗界面，透明背景，金棕冷暗色调，非Q版，非科幻。,待生成
元婴_初期_冰魄渊口_小Boss_寒魄魈将,元婴,初期,冰魄渊口,小Boss,寒魄魈将,掌控寒流的雪魈头目,元婴_初期_冰魄渊口_小Boss_寒魄魈将_full.png,元婴_初期_冰魄渊口_小Boss_寒魄魈将_thumb.png,1024x1536,透明背景,中国修仙世界观妖物立绘，元婴初期，寒魄魈将，掌控寒流的雪魈头目，类型为小Boss，竖版单体角色立绘，正面或三分之四视角，细节清晰，适合微信小游戏战斗界面，透明背景，金棕冷暗色调，非Q版，非科幻。,待生成
元婴_初期_冰魄渊口_大Boss_寒魄雪主,元婴,初期,冰魄渊口,大Boss,寒魄雪主,凝聚极寒之息的雪魄首领,元婴_初期_冰魄渊口_大Boss_寒魄雪主_full.png,元婴_初期_冰魄渊口_大Boss_寒魄雪主_thumb.png,1024x1536,透明背景,中国修仙世界观妖物立绘，元婴初期，寒魄雪主，凝聚极寒之息的雪魄首领，类型为大Boss，竖版单体角色立绘，正面或三分之四视角，细节清晰，适合微信小游戏战斗界面，透明背景，金棕冷暗色调，非Q版，非科幻。,待生成
元婴_中期_玄冰长阶_普通怪_玄冰雪魈,元婴,中期,玄冰长阶,普通怪,玄冰雪魈,沿长阶巡视的冰魈,元婴_中期_玄冰长阶_普通怪_玄冰雪魈_full.png,元婴_中期_玄冰长阶_普通怪_玄冰雪魈_thumb.png,1024x1536,透明背景,中国修仙世界观妖物立绘，元婴中期，玄冰雪魈，沿长阶巡视的冰魈，类型为普通怪，竖版单体角色立绘，正面或三分之四视角，细节清晰，适合微信小游戏战斗界面，透明背景，金棕冷暗色调，非Q版，非科幻。,待生成
元婴_中期_玄冰长阶_小Boss_踏冰魈将,元婴,中期,玄冰长阶,小Boss,踏冰魈将,长阶之上最凶的踏冰魈将,元婴_中期_玄冰长阶_小Boss_踏冰魈将_full.png,元婴_中期_玄冰长阶_小Boss_踏冰魈将_thumb.png,1024x1536,透明背景,中国修仙世界观妖物立绘，元婴中期，踏冰魈将，长阶之上最凶的踏冰魈将，类型为小Boss，竖版单体角色立绘，正面或三分之四视角，细节清晰，适合微信小游戏战斗界面，透明背景，金棕冷暗色调，非Q版，非科幻。,待生成
元婴_中期_玄冰长阶_大Boss_寒魄雪主,元婴,中期,玄冰长阶,大Boss,寒魄雪主,玄冰长阶尽头的寒主,元婴_中期_玄冰长阶_大Boss_寒魄雪主_full.png,元婴_中期_玄冰长阶_大Boss_寒魄雪主_thumb.png,1024x1536,透明背景,中国修仙世界观妖物立绘，元婴中期，寒魄雪主，玄冰长阶尽头的寒主，类型为大Boss，竖版单体角色立绘，正面或三分之四视角，细节清晰，适合微信小游戏战斗界面，透明背景，金棕冷暗色调，非Q版，非科幻。,待生成
元婴_后期_霜魂禁地_普通怪_霜魂妖魈,元婴,后期,霜魂禁地,普通怪,霜魂妖魈,霜魂禁地里凝出的雪魈,元婴_后期_霜魂禁地_普通怪_霜魂妖魈_full.png,元婴_后期_霜魂禁地_普通怪_霜魂妖魈_thumb.png,1024x1536,透明背景,中国修仙世界观妖物立绘，元婴后期，霜魂妖魈，霜魂禁地里凝出的雪魈，类型为普通怪，竖版单体角色立绘，正面或三分之四视角，细节清晰，适合微信小游戏战斗界面，透明背景，金棕冷暗色调，非Q版，非科幻。,待生成
元婴_后期_霜魂禁地_小Boss_禁地主魈,元婴,后期,霜魂禁地,小Boss,禁地主魈,看守禁地的主魈,元婴_后期_霜魂禁地_小Boss_禁地主魈_full.png,元婴_后期_霜魂禁地_小Boss_禁地主魈_thumb.png,1024x1536,透明背景,中国修仙世界观妖物立绘，元婴后期，禁地主魈，看守禁地的主魈，类型为小Boss，竖版单体角色立绘，正面或三分之四视角，细节清晰，适合微信小游戏战斗界面，透明背景，金棕冷暗色调，非Q版，非科幻。,待生成
元婴_后期_霜魂禁地_大Boss_寒魄雪主,元婴,后期,霜魂禁地,大Boss,寒魄雪主,霜魂禁地中真正的雪主,元婴_后期_霜魂禁地_大Boss_寒魄雪主_full.png,元婴_后期_霜魂禁地_大Boss_寒魄雪主_thumb.png,1024x1536,透明背景,中国修仙世界观妖物立绘，元婴后期，寒魄雪主，霜魂禁地中真正的雪主，类型为大Boss，竖版单体角色立绘，正面或三分之四视角，细节清晰，适合微信小游戏战斗界面，透明背景，金棕冷暗色调，非Q版，非科幻。,待生成
化神_初期_雷泽外域_普通怪_雷羽玄鹏,化神,初期,雷泽外域,普通怪,雷羽玄鹏,在雷泽边缘俯冲的异鹏,化神_初期_雷泽外域_普通怪_雷羽玄鹏_full.png,化神_初期_雷泽外域_普通怪_雷羽玄鹏_thumb.png,1024x1536,透明背景,中国修仙世界观妖物立绘，化神初期，雷羽玄鹏，在雷泽边缘俯冲的异鹏，类型为普通怪，竖版单体角色立绘，正面或三分之四视角，细节清晰，适合微信小游戏战斗界面，透明背景，金棕冷暗色调，非Q版，非科幻。,待生成
化神_初期_雷泽外域_小Boss_逐雷鹏将,化神,初期,雷泽外域,小Boss,逐雷鹏将,率群盘旋的雷羽鹏将,化神_初期_雷泽外域_小Boss_逐雷鹏将_full.png,化神_初期_雷泽外域_小Boss_逐雷鹏将_thumb.png,1024x1536,透明背景,中国修仙世界观妖物立绘，化神初期，逐雷鹏将，率群盘旋的雷羽鹏将，类型为小Boss，竖版单体角色立绘，正面或三分之四视角，细节清晰，适合微信小游戏战斗界面，透明背景，金棕冷暗色调，非Q版，非科幻。,待生成
化神_初期_雷泽外域_大Boss_天雷鹏王,化神,初期,雷泽外域,大Boss,天雷鹏王,掌驭雷霆的泽域霸主,化神_初期_雷泽外域_大Boss_天雷鹏王_full.png,化神_初期_雷泽外域_大Boss_天雷鹏王_thumb.png,1024x1536,透明背景,中国修仙世界观妖物立绘，化神初期，天雷鹏王，掌驭雷霆的泽域霸主，类型为大Boss，竖版单体角色立绘，正面或三分之四视角，细节清晰，适合微信小游戏战斗界面，透明背景，金棕冷暗色调，非Q版，非科幻。,待生成
化神_中期_雷泽心渊_普通怪_裂电玄鹏,化神,中期,雷泽心渊,普通怪,裂电玄鹏,心渊之中振翅生电的玄鹏,化神_中期_雷泽心渊_普通怪_裂电玄鹏_full.png,化神_中期_雷泽心渊_普通怪_裂电玄鹏_thumb.png,1024x1536,透明背景,中国修仙世界观妖物立绘，化神中期，裂电玄鹏，心渊之中振翅生电的玄鹏，类型为普通怪，竖版单体角色立绘，正面或三分之四视角，细节清晰，适合微信小游戏战斗界面，透明背景，金棕冷暗色调，非Q版，非科幻。,待生成
化神_中期_雷泽心渊_小Boss_雷泽鹏侯,化神,中期,雷泽心渊,小Boss,雷泽鹏侯,雷泽心渊中的鹏侯,化神_中期_雷泽心渊_小Boss_雷泽鹏侯_full.png,化神_中期_雷泽心渊_小Boss_雷泽鹏侯_thumb.png,1024x1536,透明背景,中国修仙世界观妖物立绘，化神中期，雷泽鹏侯，雷泽心渊中的鹏侯，类型为小Boss，竖版单体角色立绘，正面或三分之四视角，细节清晰，适合微信小游戏战斗界面，透明背景，金棕冷暗色调，非Q版，非科幻。,待生成
化神_中期_雷泽心渊_大Boss_天雷鹏王,化神,中期,雷泽心渊,大Boss,天雷鹏王,雷泽最深处的天雷之王,化神_中期_雷泽心渊_大Boss_天雷鹏王_full.png,化神_中期_雷泽心渊_大Boss_天雷鹏王_thumb.png,1024x1536,透明背景,中国修仙世界观妖物立绘，化神中期，天雷鹏王，雷泽最深处的天雷之王，类型为大Boss，竖版单体角色立绘，正面或三分之四视角，细节清晰，适合微信小游戏战斗界面，透明背景，金棕冷暗色调，非Q版，非科幻。,待生成
化神_后期_天雷祭坛_普通怪_祭坛雷鹏,化神,后期,天雷祭坛,普通怪,祭坛雷鹏,祭坛附近最狂暴的雷鹏,化神_后期_天雷祭坛_普通怪_祭坛雷鹏_full.png,化神_后期_天雷祭坛_普通怪_祭坛雷鹏_thumb.png,1024x1536,透明背景,中国修仙世界观妖物立绘，化神后期，祭坛雷鹏，祭坛附近最狂暴的雷鹏，类型为普通怪，竖版单体角色立绘，正面或三分之四视角，细节清晰，适合微信小游戏战斗界面，透明背景，金棕冷暗色调，非Q版，非科幻。,待生成
化神_后期_天雷祭坛_小Boss_祭坛镇鹏,化神,后期,天雷祭坛,小Boss,祭坛镇鹏,镇守祭坛前沿的雷鹏首,化神_后期_天雷祭坛_小Boss_祭坛镇鹏_full.png,化神_后期_天雷祭坛_小Boss_祭坛镇鹏_thumb.png,1024x1536,透明背景,中国修仙世界观妖物立绘，化神后期，祭坛镇鹏，镇守祭坛前沿的雷鹏首，类型为小Boss，竖版单体角色立绘，正面或三分之四视角，细节清晰，适合微信小游戏战斗界面，透明背景，金棕冷暗色调，非Q版，非科幻。,待生成
化神_后期_天雷祭坛_大Boss_天雷鹏王,化神,后期,天雷祭坛,大Boss,天雷鹏王,受祭坛加持的雷鹏王,化神_后期_天雷祭坛_大Boss_天雷鹏王_full.png,化神_后期_天雷祭坛_大Boss_天雷鹏王_thumb.png,1024x1536,透明背景,中国修仙世界观妖物立绘，化神后期，天雷鹏王，受祭坛加持的雷鹏王，类型为大Boss，竖版单体角色立绘，正面或三分之四视角，细节清晰，适合微信小游戏战斗界面，透明背景，金棕冷暗色调，非Q版，非科幻。,待生成
炼虚_初期_虚空裂隙_普通怪_裂隙魔眼,炼虚,初期,虚空裂隙,普通怪,裂隙魔眼,自裂隙中张开的巨眼,炼虚_初期_虚空裂隙_普通怪_裂隙魔眼_full.png,炼虚_初期_虚空裂隙_普通怪_裂隙魔眼_thumb.png,1024x1536,透明背景,中国修仙世界观妖物立绘，炼虚初期，裂隙魔眼，自裂隙中张开的巨眼，类型为普通怪，竖版单体角色立绘，正面或三分之四视角，细节清晰，适合微信小游戏战斗界面，透明背景，金棕冷暗色调，非Q版，非科幻。,待生成
炼虚_初期_虚空裂隙_小Boss_虚窥魔将,炼虚,初期,虚空裂隙,小Boss,虚窥魔将,能撕裂视线的魔眼将,炼虚_初期_虚空裂隙_小Boss_虚窥魔将_full.png,炼虚_初期_虚空裂隙_小Boss_虚窥魔将_thumb.png,1024x1536,透明背景,中国修仙世界观妖物立绘，炼虚初期，虚窥魔将，能撕裂视线的魔眼将，类型为小Boss，竖版单体角色立绘，正面或三分之四视角，细节清晰，适合微信小游戏战斗界面，透明背景，金棕冷暗色调，非Q版，非科幻。,待生成
炼虚_初期_虚空裂隙_大Boss_空冥主眼,炼虚,初期,虚空裂隙,大Boss,空冥主眼,深渊尽头的虚空瞳主,炼虚_初期_虚空裂隙_大Boss_空冥主眼_full.png,炼虚_初期_虚空裂隙_大Boss_空冥主眼_thumb.png,1024x1536,透明背景,中国修仙世界观妖物立绘，炼虚初期，空冥主眼，深渊尽头的虚空瞳主，类型为大Boss，竖版单体角色立绘，正面或三分之四视角，细节清晰，适合微信小游戏战斗界面，透明背景，金棕冷暗色调，非Q版，非科幻。,待生成
炼虚_中期_折光回廊_普通怪_折光魔眼,炼虚,中期,折光回廊,普通怪,折光魔眼,在折光回廊游移的瞳魔,炼虚_中期_折光回廊_普通怪_折光魔眼_full.png,炼虚_中期_折光回廊_普通怪_折光魔眼_thumb.png,1024x1536,透明背景,中国修仙世界观妖物立绘，炼虚中期，折光魔眼，在折光回廊游移的瞳魔，类型为普通怪，竖版单体角色立绘，正面或三分之四视角，细节清晰，适合微信小游戏战斗界面，透明背景，金棕冷暗色调，非Q版，非科幻。,待生成
炼虚_中期_折光回廊_小Boss_折界瞳将,炼虚,中期,折光回廊,小Boss,折界瞳将,操纵折界之力的瞳将,炼虚_中期_折光回廊_小Boss_折界瞳将_full.png,炼虚_中期_折光回廊_小Boss_折界瞳将_thumb.png,1024x1536,透明背景,中国修仙世界观妖物立绘，炼虚中期，折界瞳将，操纵折界之力的瞳将，类型为小Boss，竖版单体角色立绘，正面或三分之四视角，细节清晰，适合微信小游戏战斗界面，透明背景，金棕冷暗色调，非Q版，非科幻。,待生成
炼虚_中期_折光回廊_大Boss_空冥主眼,炼虚,中期,折光回廊,大Boss,空冥主眼,折光最深处的主眼,炼虚_中期_折光回廊_大Boss_空冥主眼_full.png,炼虚_中期_折光回廊_大Boss_空冥主眼_thumb.png,1024x1536,透明背景,中国修仙世界观妖物立绘，炼虚中期，空冥主眼，折光最深处的主眼，类型为大Boss，竖版单体角色立绘，正面或三分之四视角，细节清晰，适合微信小游戏战斗界面，透明背景，金棕冷暗色调，非Q版，非科幻。,待生成
炼虚_后期_空冥之眼_普通怪_空冥魔眼,炼虚,后期,空冥之眼,普通怪,空冥魔眼,空冥之眼附近最危险的窥视者,炼虚_后期_空冥之眼_普通怪_空冥魔眼_full.png,炼虚_后期_空冥之眼_普通怪_空冥魔眼_thumb.png,1024x1536,透明背景,中国修仙世界观妖物立绘，炼虚后期，空冥魔眼，空冥之眼附近最危险的窥视者，类型为普通怪，竖版单体角色立绘，正面或三分之四视角，细节清晰，适合微信小游戏战斗界面，透明背景，金棕冷暗色调，非Q版，非科幻。,待生成
炼虚_后期_空冥之眼_小Boss_空冥瞳将,炼虚,后期,空冥之眼,小Boss,空冥瞳将,守在空冥核心的瞳将,炼虚_后期_空冥之眼_小Boss_空冥瞳将_full.png,炼虚_后期_空冥之眼_小Boss_空冥瞳将_thumb.png,1024x1536,透明背景,中国修仙世界观妖物立绘，炼虚后期，空冥瞳将，守在空冥核心的瞳将，类型为小Boss，竖版单体角色立绘，正面或三分之四视角，细节清晰，适合微信小游戏战斗界面，透明背景，金棕冷暗色调，非Q版，非科幻。,待生成
炼虚_后期_空冥之眼_大Boss_空冥主眼,炼虚,后期,空冥之眼,大Boss,空冥主眼,空冥之眼真正的统御者,炼虚_后期_空冥之眼_大Boss_空冥主眼_full.png,炼虚_后期_空冥之眼_大Boss_空冥主眼_thumb.png,1024x1536,透明背景,中国修仙世界观妖物立绘，炼虚后期，空冥主眼，空冥之眼真正的统御者，类型为大Boss，竖版单体角色立绘，正面或三分之四视角，细节清晰，适合微信小游戏战斗界面，透明背景，金棕冷暗色调，非Q版，非科幻。,待生成
合体_初期_万灵原野_普通怪_荒原石傀,合体,初期,万灵原野,普通怪,荒原石傀,万灵原野中沉重的石傀,合体_初期_万灵原野_普通怪_荒原石傀_full.png,合体_初期_万灵原野_普通怪_荒原石傀_thumb.png,1024x1536,透明背景,中国修仙世界观妖物立绘，合体初期，荒原石傀，万灵原野中沉重的石傀，类型为普通怪，竖版单体角色立绘，正面或三分之四视角，细节清晰，适合微信小游戏战斗界面，透明背景，金棕冷暗色调，非Q版，非科幻。,待生成
合体_初期_万灵原野_小Boss_碎岳石将,合体,初期,万灵原野,小Boss,碎岳石将,能震裂地面的石将,合体_初期_万灵原野_小Boss_碎岳石将_full.png,合体_初期_万灵原野_小Boss_碎岳石将_thumb.png,1024x1536,透明背景,中国修仙世界观妖物立绘，合体初期，碎岳石将，能震裂地面的石将，类型为小Boss，竖版单体角色立绘，正面或三分之四视角，细节清晰，适合微信小游戏战斗界面，透明背景，金棕冷暗色调，非Q版，非科幻。,待生成
合体_初期_万灵原野_大Boss_归一岩君,合体,初期,万灵原野,大Boss,归一岩君,将百岩炼为一身的石魁首,合体_初期_万灵原野_大Boss_归一岩君_full.png,合体_初期_万灵原野_大Boss_归一岩君_thumb.png,1024x1536,透明背景,中国修仙世界观妖物立绘，合体初期，归一岩君，将百岩炼为一身的石魁首，类型为大Boss，竖版单体角色立绘，正面或三分之四视角，细节清晰，适合微信小游戏战斗界面，透明背景，金棕冷暗色调，非Q版，非科幻。,待生成
合体_中期_合元秘径_普通怪_合元石傀,合体,中期,合元秘径,普通怪,合元石傀,秘径地脉凝聚的石傀,合体_中期_合元秘径_普通怪_合元石傀_full.png,合体_中期_合元秘径_普通怪_合元石傀_thumb.png,1024x1536,透明背景,中国修仙世界观妖物立绘，合体中期，合元石傀，秘径地脉凝聚的石傀，类型为普通怪，竖版单体角色立绘，正面或三分之四视角，细节清晰，适合微信小游戏战斗界面，透明背景，金棕冷暗色调，非Q版，非科幻。,待生成
合体_中期_合元秘径_小Boss_合元石侯,合体,中期,合元秘径,小Boss,合元石侯,秘径中心的石侯,合体_中期_合元秘径_小Boss_合元石侯_full.png,合体_中期_合元秘径_小Boss_合元石侯_thumb.png,1024x1536,透明背景,中国修仙世界观妖物立绘，合体中期，合元石侯，秘径中心的石侯，类型为小Boss，竖版单体角色立绘，正面或三分之四视角，细节清晰，适合微信小游戏战斗界面，透明背景，金棕冷暗色调，非Q版，非科幻。,待生成
合体_中期_合元秘径_大Boss_归一岩君,合体,中期,合元秘径,大Boss,归一岩君,合元秘径最终的岩君,合体_中期_合元秘径_大Boss_归一岩君_full.png,合体_中期_合元秘径_大Boss_归一岩君_thumb.png,1024x1536,透明背景,中国修仙世界观妖物立绘，合体中期，归一岩君，合元秘径最终的岩君，类型为大Boss，竖版单体角色立绘，正面或三分之四视角，细节清晰，适合微信小游戏战斗界面，透明背景，金棕冷暗色调，非Q版，非科幻。,待生成
合体_后期_归一殿_普通怪_归一石傀,合体,后期,归一殿,普通怪,归一石傀,归一殿外最古老的石傀,合体_后期_归一殿_普通怪_归一石傀_full.png,合体_后期_归一殿_普通怪_归一石傀_thumb.png,1024x1536,透明背景,中国修仙世界观妖物立绘，合体后期，归一石傀，归一殿外最古老的石傀，类型为普通怪，竖版单体角色立绘，正面或三分之四视角，细节清晰，适合微信小游戏战斗界面，透明背景，金棕冷暗色调，非Q版，非科幻。,待生成
合体_后期_归一殿_小Boss_归殿石君,合体,后期,归一殿,小Boss,归殿石君,归一殿前的岩甲守将,合体_后期_归一殿_小Boss_归殿石君_full.png,合体_后期_归一殿_小Boss_归殿石君_thumb.png,1024x1536,透明背景,中国修仙世界观妖物立绘，合体后期，归殿石君，归一殿前的岩甲守将，类型为小Boss，竖版单体角色立绘，正面或三分之四视角，细节清晰，适合微信小游戏战斗界面，透明背景，金棕冷暗色调，非Q版，非科幻。,待生成
合体_后期_归一殿_大Boss_归一岩君,合体,后期,归一殿,大Boss,归一岩君,归一殿中真正的岩道之君,合体_后期_归一殿_大Boss_归一岩君_full.png,合体_后期_归一殿_大Boss_归一岩君_thumb.png,1024x1536,透明背景,中国修仙世界观妖物立绘，合体后期，归一岩君，归一殿中真正的岩道之君，类型为大Boss，竖版单体角色立绘，正面或三分之四视角，细节清晰，适合微信小游戏战斗界面，透明背景，金棕冷暗色调，非Q版，非科幻。,待生成
大乘_初期_天门外域_普通怪_星阙灵蛇,大乘,初期,天门外域,普通怪,星阙灵蛇,借星辉腾挪的灵蛇,大乘_初期_天门外域_普通怪_星阙灵蛇_full.png,大乘_初期_天门外域_普通怪_星阙灵蛇_thumb.png,1024x1536,透明背景,中国修仙世界观妖物立绘，大乘初期，星阙灵蛇，借星辉腾挪的灵蛇，类型为普通怪，竖版单体角色立绘，正面或三分之四视角，细节清晰，适合微信小游戏战斗界面，透明背景，金棕冷暗色调，非Q版，非科幻。,待生成
大乘_初期_天门外域_小Boss_巡星蛇将,大乘,初期,天门外域,小Boss,巡星蛇将,引导星辉的蛇将,大乘_初期_天门外域_小Boss_巡星蛇将_full.png,大乘_初期_天门外域_小Boss_巡星蛇将_thumb.png,1024x1536,透明背景,中国修仙世界观妖物立绘，大乘初期，巡星蛇将，引导星辉的蛇将，类型为小Boss，竖版单体角色立绘，正面或三分之四视角，细节清晰，适合微信小游戏战斗界面，透明背景，金棕冷暗色调，非Q版，非科幻。,待生成
大乘_初期_天门外域_大Boss_巡天玄螭,大乘,初期,天门外域,大Boss,巡天玄螭,天阙深处的古老巡天兽,大乘_初期_天门外域_大Boss_巡天玄螭_full.png,大乘_初期_天门外域_大Boss_巡天玄螭_thumb.png,1024x1536,透明背景,中国修仙世界观妖物立绘，大乘初期，巡天玄螭，天阙深处的古老巡天兽，类型为大Boss，竖版单体角色立绘，正面或三分之四视角，细节清晰，适合微信小游戏战斗界面，透明背景，金棕冷暗色调，非Q版，非科幻。,待生成
大乘_中期_星阙长桥_普通怪_桥巡灵蛇,大乘,中期,星阙长桥,普通怪,桥巡灵蛇,巡游长桥的天蛇,大乘_中期_星阙长桥_普通怪_桥巡灵蛇_full.png,大乘_中期_星阙长桥_普通怪_桥巡灵蛇_thumb.png,1024x1536,透明背景,中国修仙世界观妖物立绘，大乘中期，桥巡灵蛇，巡游长桥的天蛇，类型为普通怪，竖版单体角色立绘，正面或三分之四视角，细节清晰，适合微信小游戏战斗界面，透明背景，金棕冷暗色调，非Q版，非科幻。,待生成
大乘_中期_星阙长桥_小Boss_长桥蛇侯,大乘,中期,星阙长桥,小Boss,长桥蛇侯,长桥中心的蛇侯,大乘_中期_星阙长桥_小Boss_长桥蛇侯_full.png,大乘_中期_星阙长桥_小Boss_长桥蛇侯_thumb.png,1024x1536,透明背景,中国修仙世界观妖物立绘，大乘中期，长桥蛇侯，长桥中心的蛇侯，类型为小Boss，竖版单体角色立绘，正面或三分之四视角，细节清晰，适合微信小游戏战斗界面，透明背景，金棕冷暗色调，非Q版，非科幻。,待生成
大乘_中期_星阙长桥_大Boss_巡天玄螭,大乘,中期,星阙长桥,大Boss,巡天玄螭,星阙长桥尽头的玄螭,大乘_中期_星阙长桥_大Boss_巡天玄螭_full.png,大乘_中期_星阙长桥_大Boss_巡天玄螭_thumb.png,1024x1536,透明背景,中国修仙世界观妖物立绘，大乘中期，巡天玄螭，星阙长桥尽头的玄螭，类型为大Boss，竖版单体角色立绘，正面或三分之四视角，细节清晰，适合微信小游戏战斗界面，透明背景，金棕冷暗色调，非Q版，非科幻。,待生成
大乘_后期_天阙神庭_普通怪_神庭灵蛇,大乘,后期,天阙神庭,普通怪,神庭灵蛇,盘踞神庭边缘的灵蛇,大乘_后期_天阙神庭_普通怪_神庭灵蛇_full.png,大乘_后期_天阙神庭_普通怪_神庭灵蛇_thumb.png,1024x1536,透明背景,中国修仙世界观妖物立绘，大乘后期，神庭灵蛇，盘踞神庭边缘的灵蛇，类型为普通怪，竖版单体角色立绘，正面或三分之四视角，细节清晰，适合微信小游戏战斗界面，透明背景，金棕冷暗色调，非Q版，非科幻。,待生成
大乘_后期_天阙神庭_小Boss_神庭玄螭,大乘,后期,天阙神庭,小Boss,神庭玄螭,接近玄螭血脉的天蛇,大乘_后期_天阙神庭_小Boss_神庭玄螭_full.png,大乘_后期_天阙神庭_小Boss_神庭玄螭_thumb.png,1024x1536,透明背景,中国修仙世界观妖物立绘，大乘后期，神庭玄螭，接近玄螭血脉的天蛇，类型为小Boss，竖版单体角色立绘，正面或三分之四视角，细节清晰，适合微信小游戏战斗界面，透明背景，金棕冷暗色调，非Q版，非科幻。,待生成
大乘_后期_天阙神庭_大Boss_巡天玄螭,大乘,后期,天阙神庭,大Boss,巡天玄螭,神庭上空盘踞的巡天玄螭,大乘_后期_天阙神庭_大Boss_巡天玄螭_full.png,大乘_后期_天阙神庭_大Boss_巡天玄螭_thumb.png,1024x1536,透明背景,中国修仙世界观妖物立绘，大乘后期，巡天玄螭，神庭上空盘踞的巡天玄螭，类型为大Boss，竖版单体角色立绘，正面或三分之四视角，细节清晰，适合微信小游戏战斗界面，透明背景，金棕冷暗色调，非Q版，非科幻。,待生成
渡劫_初期_劫云海口_普通怪_劫火尸王,渡劫,初期,劫云海口,普通怪,劫火尸王,焦土中复苏的尸王,渡劫_初期_劫云海口_普通怪_劫火尸王_full.png,渡劫_初期_劫云海口_普通怪_劫火尸王_thumb.png,1024x1536,透明背景,中国修仙世界观妖物立绘，渡劫初期，劫火尸王，焦土中复苏的尸王，类型为普通怪，竖版单体角色立绘，正面或三分之四视角，细节清晰，适合微信小游戏战斗界面，透明背景，金棕冷暗色调，非Q版，非科幻。,待生成
渡劫_初期_劫云海口_小Boss_劫雷尸将,渡劫,初期,劫云海口,小Boss,劫雷尸将,沐劫雷而不死的尸将,渡劫_初期_劫云海口_小Boss_劫雷尸将_full.png,渡劫_初期_劫云海口_小Boss_劫雷尸将_thumb.png,1024x1536,透明背景,中国修仙世界观妖物立绘，渡劫初期，劫雷尸将，沐劫雷而不死的尸将，类型为小Boss，竖版单体角色立绘，正面或三分之四视角，细节清晰，适合微信小游戏战斗界面，透明背景，金棕冷暗色调，非Q版，非科幻。,待生成
渡劫_初期_劫云海口_大Boss_天罚尸尊,渡劫,初期,劫云海口,大Boss,天罚尸尊,被雷劫淬炼而不灭的尸尊,渡劫_初期_劫云海口_大Boss_天罚尸尊_full.png,渡劫_初期_劫云海口_大Boss_天罚尸尊_thumb.png,1024x1536,透明背景,中国修仙世界观妖物立绘，渡劫初期，天罚尸尊，被雷劫淬炼而不灭的尸尊，类型为大Boss，竖版单体角色立绘，正面或三分之四视角，细节清晰，适合微信小游戏战斗界面，透明背景，金棕冷暗色调，非Q版，非科幻。,待生成
渡劫_中期_雷光断界_普通怪_断界尸王,渡劫,中期,雷光断界,普通怪,断界尸王,在断界徘徊的不灭尸王,渡劫_中期_雷光断界_普通怪_断界尸王_full.png,渡劫_中期_雷光断界_普通怪_断界尸王_thumb.png,1024x1536,透明背景,中国修仙世界观妖物立绘，渡劫中期，断界尸王，在断界徘徊的不灭尸王，类型为普通怪，竖版单体角色立绘，正面或三分之四视角，细节清晰，适合微信小游戏战斗界面，透明背景，金棕冷暗色调，非Q版，非科幻。,待生成
渡劫_中期_雷光断界_小Boss_雷断尸侯,渡劫,中期,雷光断界,小Boss,雷断尸侯,被雷断界异化的尸侯,渡劫_中期_雷光断界_小Boss_雷断尸侯_full.png,渡劫_中期_雷光断界_小Boss_雷断尸侯_thumb.png,1024x1536,透明背景,中国修仙世界观妖物立绘，渡劫中期，雷断尸侯，被雷断界异化的尸侯，类型为小Boss，竖版单体角色立绘，正面或三分之四视角，细节清晰，适合微信小游戏战斗界面，透明背景，金棕冷暗色调，非Q版，非科幻。,待生成
渡劫_中期_雷光断界_大Boss_天罚尸尊,渡劫,中期,雷光断界,大Boss,天罚尸尊,雷光断界中的不灭尸尊,渡劫_中期_雷光断界_大Boss_天罚尸尊_full.png,渡劫_中期_雷光断界_大Boss_天罚尸尊_thumb.png,1024x1536,透明背景,中国修仙世界观妖物立绘，渡劫中期，天罚尸尊，雷光断界中的不灭尸尊，类型为大Boss，竖版单体角色立绘，正面或三分之四视角，细节清晰，适合微信小游戏战斗界面，透明背景，金棕冷暗色调，非Q版，非科幻。,待生成
渡劫_后期_天罚祭台_普通怪_祭台尸王,渡劫,后期,天罚祭台,普通怪,祭台尸王,祭台雷火中站起的尸王,渡劫_后期_天罚祭台_普通怪_祭台尸王_full.png,渡劫_后期_天罚祭台_普通怪_祭台尸王_thumb.png,1024x1536,透明背景,中国修仙世界观妖物立绘，渡劫后期，祭台尸王，祭台雷火中站起的尸王，类型为普通怪，竖版单体角色立绘，正面或三分之四视角，细节清晰，适合微信小游戏战斗界面，透明背景，金棕冷暗色调，非Q版，非科幻。,待生成
渡劫_后期_天罚祭台_小Boss_天罚尸将,渡劫,后期,天罚祭台,小Boss,天罚尸将,祭台前最凶戾的尸将,渡劫_后期_天罚祭台_小Boss_天罚尸将_full.png,渡劫_后期_天罚祭台_小Boss_天罚尸将_thumb.png,1024x1536,透明背景,中国修仙世界观妖物立绘，渡劫后期，天罚尸将，祭台前最凶戾的尸将，类型为小Boss，竖版单体角色立绘，正面或三分之四视角，细节清晰，适合微信小游戏战斗界面，透明背景，金棕冷暗色调，非Q版，非科幻。,待生成
渡劫_后期_天罚祭台_大Boss_天罚尸尊,渡劫,后期,天罚祭台,大Boss,天罚尸尊,天罚祭台真正的主宰,渡劫_后期_天罚祭台_大Boss_天罚尸尊_full.png,渡劫_后期_天罚祭台_大Boss_天罚尸尊_thumb.png,1024x1536,透明背景,中国修仙世界观妖物立绘，渡劫后期，天罚尸尊，天罚祭台真正的主宰，类型为大Boss，竖版单体角色立绘，正面或三分之四视角，细节清晰，适合微信小游戏战斗界面，透明背景，金棕冷暗色调，非Q版，非科幻。,待生成
真仙_初期_仙庭云径_普通怪_云庭幻狐,真仙,初期,仙庭云径,普通怪,云庭幻狐,善于幻形迷惑来者的妖狐,真仙_初期_仙庭云径_普通怪_云庭幻狐_full.png,真仙_初期_仙庭云径_普通怪_云庭幻狐_thumb.png,1024x1536,透明背景,中国修仙世界观妖物立绘，真仙初期，云庭幻狐，善于幻形迷惑来者的妖狐，类型为普通怪，竖版单体角色立绘，正面或三分之四视角，细节清晰，适合微信小游戏战斗界面，透明背景，金棕冷暗色调，非Q版，非科幻。,待生成
真仙_初期_仙庭云径_小Boss_踏云狐将,真仙,初期,仙庭云径,小Boss,踏云狐将,穿行云径的狐将,真仙_初期_仙庭云径_小Boss_踏云狐将_full.png,真仙_初期_仙庭云径_小Boss_踏云狐将_thumb.png,1024x1536,透明背景,中国修仙世界观妖物立绘，真仙初期，踏云狐将，穿行云径的狐将，类型为小Boss，竖版单体角色立绘，正面或三分之四视角，细节清晰，适合微信小游戏战斗界面，透明背景，金棕冷暗色调，非Q版，非科幻。,待生成
真仙_初期_仙庭云径_大Boss_九尾云尊,真仙,初期,仙庭云径,大Boss,九尾云尊,披云踏月的仙狐之尊,真仙_初期_仙庭云径_大Boss_九尾云尊_full.png,真仙_初期_仙庭云径_大Boss_九尾云尊_thumb.png,1024x1536,透明背景,中国修仙世界观妖物立绘，真仙初期，九尾云尊，披云踏月的仙狐之尊，类型为大Boss，竖版单体角色立绘，正面或三分之四视角，细节清晰，适合微信小游戏战斗界面，透明背景，金棕冷暗色调，非Q版，非科幻。,待生成
真仙_中期_紫微宫门_普通怪_紫微幻狐,真仙,中期,紫微宫门,普通怪,紫微幻狐,宫门前盘桓的幻狐,真仙_中期_紫微宫门_普通怪_紫微幻狐_full.png,真仙_中期_紫微宫门_普通怪_紫微幻狐_thumb.png,1024x1536,透明背景,中国修仙世界观妖物立绘，真仙中期，紫微幻狐，宫门前盘桓的幻狐，类型为普通怪，竖版单体角色立绘，正面或三分之四视角，细节清晰，适合微信小游戏战斗界面，透明背景，金棕冷暗色调，非Q版，非科幻。,待生成
真仙_中期_紫微宫门_小Boss_宫门狐侯,真仙,中期,紫微宫门,小Boss,宫门狐侯,紫微宫门前的狐侯,真仙_中期_紫微宫门_小Boss_宫门狐侯_full.png,真仙_中期_紫微宫门_小Boss_宫门狐侯_thumb.png,1024x1536,透明背景,中国修仙世界观妖物立绘，真仙中期，宫门狐侯，紫微宫门前的狐侯，类型为小Boss，竖版单体角色立绘，正面或三分之四视角，细节清晰，适合微信小游戏战斗界面，透明背景，金棕冷暗色调，非Q版，非科幻。,待生成
真仙_中期_紫微宫门_大Boss_九尾云尊,真仙,中期,紫微宫门,大Boss,九尾云尊,紫微宫门后的九尾尊者,真仙_中期_紫微宫门_大Boss_九尾云尊_full.png,真仙_中期_紫微宫门_大Boss_九尾云尊_thumb.png,1024x1536,透明背景,中国修仙世界观妖物立绘，真仙中期，九尾云尊，紫微宫门后的九尾尊者，类型为大Boss，竖版单体角色立绘，正面或三分之四视角，细节清晰，适合微信小游戏战斗界面，透明背景，金棕冷暗色调，非Q版，非科幻。,待生成
真仙_后期_太清仙阙_普通怪_太清幻狐,真仙,后期,太清仙阙,普通怪,太清幻狐,仙阙之上最难看破的狐影,真仙_后期_太清仙阙_普通怪_太清幻狐_full.png,真仙_后期_太清仙阙_普通怪_太清幻狐_thumb.png,1024x1536,透明背景,中国修仙世界观妖物立绘，真仙后期，太清幻狐，仙阙之上最难看破的狐影，类型为普通怪，竖版单体角色立绘，正面或三分之四视角，细节清晰，适合微信小游戏战斗界面，透明背景，金棕冷暗色调，非Q版，非科幻。,待生成
真仙_后期_太清仙阙_小Boss_仙阙狐妃,真仙,后期,太清仙阙,小Boss,仙阙狐妃,仙阙中的狐妃化影,真仙_后期_太清仙阙_小Boss_仙阙狐妃_full.png,真仙_后期_太清仙阙_小Boss_仙阙狐妃_thumb.png,1024x1536,透明背景,中国修仙世界观妖物立绘，真仙后期，仙阙狐妃，仙阙中的狐妃化影，类型为小Boss，竖版单体角色立绘，正面或三分之四视角，细节清晰，适合微信小游戏战斗界面，透明背景，金棕冷暗色调，非Q版，非科幻。,待生成
真仙_后期_太清仙阙_大Boss_九尾云尊,真仙,后期,太清仙阙,大Boss,九尾云尊,太清仙阙中真正的九尾云尊,真仙_后期_太清仙阙_大Boss_九尾云尊_full.png,真仙_后期_太清仙阙_大Boss_九尾云尊_thumb.png,1024x1536,透明背景,中国修仙世界观妖物立绘，真仙后期，九尾云尊，太清仙阙中真正的九尾云尊，类型为大Boss，竖版单体角色立绘，正面或三分之四视角，细节清晰，适合微信小游戏战斗界面，透明背景，金棕冷暗色调，非Q版，非科幻。,待生成
金仙_初期_金阙天街_普通怪_金乌残灵,金仙,初期,金阙天街,普通怪,金乌残灵,羽端仍带天火的残灵,金仙_初期_金阙天街_普通怪_金乌残灵_full.png,金仙_初期_金阙天街_普通怪_金乌残灵_thumb.png,1024x1536,透明背景,中国修仙世界观妖物立绘，金仙初期，金乌残灵，羽端仍带天火的残灵，类型为普通怪，竖版单体角色立绘，正面或三分之四视角，细节清晰，适合微信小游戏战斗界面，透明背景，金棕冷暗色调，非Q版，非科幻。,待生成
金仙_初期_金阙天街_小Boss_曜羽乌将,金仙,初期,金阙天街,小Boss,曜羽乌将,操控残阳火羽的乌将,金仙_初期_金阙天街_小Boss_曜羽乌将_full.png,金仙_初期_金阙天街_小Boss_曜羽乌将_thumb.png,1024x1536,透明背景,中国修仙世界观妖物立绘，金仙初期，曜羽乌将，操控残阳火羽的乌将，类型为小Boss，竖版单体角色立绘，正面或三分之四视角，细节清晰，适合微信小游戏战斗界面，透明背景，金棕冷暗色调，非Q版，非科幻。,待生成
金仙_初期_金阙天街_大Boss_曜阳乌皇,金仙,初期,金阙天街,大Boss,曜阳乌皇,守着昔日天火的乌皇,金仙_初期_金阙天街_大Boss_曜阳乌皇_full.png,金仙_初期_金阙天街_大Boss_曜阳乌皇_thumb.png,1024x1536,透明背景,中国修仙世界观妖物立绘，金仙初期，曜阳乌皇，守着昔日天火的乌皇，类型为大Boss，竖版单体角色立绘，正面或三分之四视角，细节清晰，适合微信小游戏战斗界面，透明背景，金棕冷暗色调，非Q版，非科幻。,待生成
金仙_中期_琉璃天廊_普通怪_琉璃乌灵,金仙,中期,琉璃天廊,普通怪,琉璃乌灵,在琉璃天廊振翅的乌灵,金仙_中期_琉璃天廊_普通怪_琉璃乌灵_full.png,金仙_中期_琉璃天廊_普通怪_琉璃乌灵_thumb.png,1024x1536,透明背景,中国修仙世界观妖物立绘，金仙中期，琉璃乌灵，在琉璃天廊振翅的乌灵，类型为普通怪，竖版单体角色立绘，正面或三分之四视角，细节清晰，适合微信小游戏战斗界面，透明背景，金棕冷暗色调，非Q版，非科幻。,待生成
金仙_中期_琉璃天廊_小Boss_天廊乌侯,金仙,中期,琉璃天廊,小Boss,天廊乌侯,巡视天廊的乌侯,金仙_中期_琉璃天廊_小Boss_天廊乌侯_full.png,金仙_中期_琉璃天廊_小Boss_天廊乌侯_thumb.png,1024x1536,透明背景,中国修仙世界观妖物立绘，金仙中期，天廊乌侯，巡视天廊的乌侯，类型为小Boss，竖版单体角色立绘，正面或三分之四视角，细节清晰，适合微信小游戏战斗界面，透明背景，金棕冷暗色调，非Q版，非科幻。,待生成
金仙_中期_琉璃天廊_大Boss_曜阳乌皇,金仙,中期,琉璃天廊,大Boss,曜阳乌皇,琉璃天廊尽头的乌皇,金仙_中期_琉璃天廊_大Boss_曜阳乌皇_full.png,金仙_中期_琉璃天廊_大Boss_曜阳乌皇_thumb.png,1024x1536,透明背景,中国修仙世界观妖物立绘，金仙中期，曜阳乌皇，琉璃天廊尽头的乌皇，类型为大Boss，竖版单体角色立绘，正面或三分之四视角，细节清晰，适合微信小游戏战斗界面，透明背景，金棕冷暗色调，非Q版，非科幻。,待生成
金仙_后期_金轮法界_普通怪_金轮乌灵,金仙,后期,金轮法界,普通怪,金轮乌灵,金轮法界中最灼热的乌灵,金仙_后期_金轮法界_普通怪_金轮乌灵_full.png,金仙_后期_金轮法界_普通怪_金轮乌灵_thumb.png,1024x1536,透明背景,中国修仙世界观妖物立绘，金仙后期，金轮乌灵，金轮法界中最灼热的乌灵，类型为普通怪，竖版单体角色立绘，正面或三分之四视角，细节清晰，适合微信小游戏战斗界面，透明背景，金棕冷暗色调，非Q版，非科幻。,待生成
金仙_后期_金轮法界_小Boss_金轮乌帅,金仙,后期,金轮法界,小Boss,金轮乌帅,盘踞法界上空的乌帅,金仙_后期_金轮法界_小Boss_金轮乌帅_full.png,金仙_后期_金轮法界_小Boss_金轮乌帅_thumb.png,1024x1536,透明背景,中国修仙世界观妖物立绘，金仙后期，金轮乌帅，盘踞法界上空的乌帅，类型为小Boss，竖版单体角色立绘，正面或三分之四视角，细节清晰，适合微信小游戏战斗界面，透明背景，金棕冷暗色调，非Q版，非科幻。,待生成
金仙_后期_金轮法界_大Boss_曜阳乌皇,金仙,后期,金轮法界,大Boss,曜阳乌皇,金轮法界中浴火不灭的乌皇,金仙_后期_金轮法界_大Boss_曜阳乌皇_full.png,金仙_后期_金轮法界_大Boss_曜阳乌皇_thumb.png,1024x1536,透明背景,中国修仙世界观妖物立绘，金仙后期，曜阳乌皇，金轮法界中浴火不灭的乌皇，类型为大Boss，竖版单体角色立绘，正面或三分之四视角，细节清晰，适合微信小游戏战斗界面，透明背景，金棕冷暗色调，非Q版，非科幻。,待生成
太乙_初期_太乙玄原_普通怪_太乙莲魄,太乙,初期,太乙玄原,普通怪,太乙莲魄,青莲之气凝成的灵魄,太乙_初期_太乙玄原_普通怪_太乙莲魄_full.png,太乙_初期_太乙玄原_普通怪_太乙莲魄_thumb.png,1024x1536,透明背景,中国修仙世界观妖物立绘，太乙初期，太乙莲魄，青莲之气凝成的灵魄，类型为普通怪，竖版单体角色立绘，正面或三分之四视角，细节清晰，适合微信小游戏战斗界面，透明背景，金棕冷暗色调，非Q版，非科幻。,待生成
太乙_初期_太乙玄原_小Boss_青莲魄将,太乙,初期,太乙玄原,小Boss,青莲魄将,可驱使莲影的魄将,太乙_初期_太乙玄原_小Boss_青莲魄将_full.png,太乙_初期_太乙玄原_小Boss_青莲魄将_thumb.png,1024x1536,透明背景,中国修仙世界观妖物立绘，太乙初期，青莲魄将，可驱使莲影的魄将，类型为小Boss，竖版单体角色立绘，正面或三分之四视角，细节清晰，适合微信小游戏战斗界面，透明背景，金棕冷暗色调，非Q版，非科幻。,待生成
太乙_初期_太乙玄原_大Boss_玄天莲尊,太乙,初期,太乙玄原,大Boss,玄天莲尊,坐镇万象宫的莲尊化影,太乙_初期_太乙玄原_大Boss_玄天莲尊_full.png,太乙_初期_太乙玄原_大Boss_玄天莲尊_thumb.png,1024x1536,透明背景,中国修仙世界观妖物立绘，太乙初期，玄天莲尊，坐镇万象宫的莲尊化影，类型为大Boss，竖版单体角色立绘，正面或三分之四视角，细节清晰，适合微信小游戏战斗界面，透明背景，金棕冷暗色调，非Q版，非科幻。,待生成
太乙_中期_万象宫_普通怪_万象莲魄,太乙,中期,万象宫,普通怪,万象莲魄,在万象宫中浮动的莲魄,太乙_中期_万象宫_普通怪_万象莲魄_full.png,太乙_中期_万象宫_普通怪_万象莲魄_thumb.png,1024x1536,透明背景,中国修仙世界观妖物立绘，太乙中期，万象莲魄，在万象宫中浮动的莲魄，类型为普通怪，竖版单体角色立绘，正面或三分之四视角，细节清晰，适合微信小游戏战斗界面，透明背景，金棕冷暗色调，非Q版，非科幻。,待生成
太乙_中期_万象宫_小Boss_万象莲侯,太乙,中期,万象宫,小Boss,万象莲侯,万象宫中心的莲侯,太乙_中期_万象宫_小Boss_万象莲侯_full.png,太乙_中期_万象宫_小Boss_万象莲侯_thumb.png,1024x1536,透明背景,中国修仙世界观妖物立绘，太乙中期，万象莲侯，万象宫中心的莲侯，类型为小Boss，竖版单体角色立绘，正面或三分之四视角，细节清晰，适合微信小游戏战斗界面，透明背景，金棕冷暗色调，非Q版，非科幻。,待生成
太乙_中期_万象宫_大Boss_玄天莲尊,太乙,中期,万象宫,大Boss,玄天莲尊,玄原与万象宫共鸣后的莲尊,太乙_中期_万象宫_大Boss_玄天莲尊_full.png,太乙_中期_万象宫_大Boss_玄天莲尊_thumb.png,1024x1536,透明背景,中国修仙世界观妖物立绘，太乙中期，玄天莲尊，玄原与万象宫共鸣后的莲尊，类型为大Boss，竖版单体角色立绘，正面或三分之四视角，细节清晰，适合微信小游戏战斗界面，透明背景，金棕冷暗色调，非Q版，非科幻。,待生成
太乙_后期_玄天法阵_普通怪_玄天莲魄,太乙,后期,玄天法阵,普通怪,玄天莲魄,法阵深处最锋锐的莲魄,太乙_后期_玄天法阵_普通怪_玄天莲魄_full.png,太乙_后期_玄天法阵_普通怪_玄天莲魄_thumb.png,1024x1536,透明背景,中国修仙世界观妖物立绘，太乙后期，玄天莲魄，法阵深处最锋锐的莲魄，类型为普通怪，竖版单体角色立绘，正面或三分之四视角，细节清晰，适合微信小游戏战斗界面，透明背景，金棕冷暗色调，非Q版，非科幻。,待生成
太乙_后期_玄天法阵_小Boss_玄阵莲尊,太乙,后期,玄天法阵,小Boss,玄阵莲尊,法阵核心诞生的莲尊化影,太乙_后期_玄天法阵_小Boss_玄阵莲尊_full.png,太乙_后期_玄天法阵_小Boss_玄阵莲尊_thumb.png,1024x1536,透明背景,中国修仙世界观妖物立绘，太乙后期，玄阵莲尊，法阵核心诞生的莲尊化影，类型为小Boss，竖版单体角色立绘，正面或三分之四视角，细节清晰，适合微信小游戏战斗界面，透明背景，金棕冷暗色调，非Q版，非科幻。,待生成
太乙_后期_玄天法阵_大Boss_玄天莲尊,太乙,后期,玄天法阵,大Boss,玄天莲尊,玄天法阵中心苏醒的莲尊,太乙_后期_玄天法阵_大Boss_玄天莲尊_full.png,太乙_后期_玄天法阵_大Boss_玄天莲尊_thumb.png,1024x1536,透明背景,中国修仙世界观妖物立绘，太乙后期，玄天莲尊，玄天法阵中心苏醒的莲尊，类型为大Boss，竖版单体角色立绘，正面或三分之四视角，细节清晰，适合微信小游戏战斗界面，透明背景，金棕冷暗色调，非Q版，非科幻。,待生成
大罗_初期_大罗界外_普通怪_星海古鲸,大罗,初期,大罗界外,普通怪,星海古鲸,缓缓横渡星海的古鲸,大罗_初期_大罗界外_普通怪_星海古鲸_full.png,大罗_初期_大罗界外_普通怪_星海古鲸_thumb.png,1024x1536,透明背景,中国修仙世界观妖物立绘，大罗初期，星海古鲸，缓缓横渡星海的古鲸，类型为普通怪，竖版单体角色立绘，正面或三分之四视角，细节清晰，适合微信小游戏战斗界面，透明背景，金棕冷暗色调，非Q版，非科幻。,待生成
大罗_初期_大罗界外_小Boss_裂海鲸将,大罗,初期,大罗界外,小Boss,裂海鲸将,翻涌星潮的鲸将,大罗_初期_大罗界外_小Boss_裂海鲸将_full.png,大罗_初期_大罗界外_小Boss_裂海鲸将_thumb.png,1024x1536,透明背景,中国修仙世界观妖物立绘，大罗初期，裂海鲸将，翻涌星潮的鲸将，类型为小Boss，竖版单体角色立绘，正面或三分之四视角，细节清晰，适合微信小游戏战斗界面，透明背景，金棕冷暗色调，非Q版，非科幻。,待生成
大罗_初期_大罗界外_大Boss_寂灭鲸祖,大罗,初期,大罗界外,大Boss,寂灭鲸祖,深空尽头的古鲸始祖,大罗_初期_大罗界外_大Boss_寂灭鲸祖_full.png,大罗_初期_大罗界外_大Boss_寂灭鲸祖_thumb.png,1024x1536,透明背景,中国修仙世界观妖物立绘，大罗初期，寂灭鲸祖，深空尽头的古鲸始祖，类型为大Boss，竖版单体角色立绘，正面或三分之四视角，细节清晰，适合微信小游戏战斗界面，透明背景，金棕冷暗色调，非Q版，非科幻。,待生成
大罗_中期_寂灭长阶_普通怪_寂灭古鲸,大罗,中期,寂灭长阶,普通怪,寂灭古鲸,寂灭长阶边缘的巨鲸,大罗_中期_寂灭长阶_普通怪_寂灭古鲸_full.png,大罗_中期_寂灭长阶_普通怪_寂灭古鲸_thumb.png,1024x1536,透明背景,中国修仙世界观妖物立绘，大罗中期，寂灭古鲸，寂灭长阶边缘的巨鲸，类型为普通怪，竖版单体角色立绘，正面或三分之四视角，细节清晰，适合微信小游戏战斗界面，透明背景，金棕冷暗色调，非Q版，非科幻。,待生成
大罗_中期_寂灭长阶_小Boss_长阶鲸侯,大罗,中期,寂灭长阶,小Boss,长阶鲸侯,长阶之上的鲸侯,大罗_中期_寂灭长阶_小Boss_长阶鲸侯_full.png,大罗_中期_寂灭长阶_小Boss_长阶鲸侯_thumb.png,1024x1536,透明背景,中国修仙世界观妖物立绘，大罗中期，长阶鲸侯，长阶之上的鲸侯，类型为小Boss，竖版单体角色立绘，正面或三分之四视角，细节清晰，适合微信小游戏战斗界面，透明背景，金棕冷暗色调，非Q版，非科幻。,待生成
大罗_中期_寂灭长阶_大Boss_寂灭鲸祖,大罗,中期,寂灭长阶,大Boss,寂灭鲸祖,寂灭长阶真正的鲸祖,大罗_中期_寂灭长阶_大Boss_寂灭鲸祖_full.png,大罗_中期_寂灭长阶_大Boss_寂灭鲸祖_thumb.png,1024x1536,透明背景,中国修仙世界观妖物立绘，大罗中期，寂灭鲸祖，寂灭长阶真正的鲸祖，类型为大Boss，竖版单体角色立绘，正面或三分之四视角，细节清晰，适合微信小游戏战斗界面，透明背景，金棕冷暗色调，非Q版，非科幻。,待生成
大罗_后期_无尽道场_普通怪_道场古鲸,大罗,后期,无尽道场,普通怪,道场古鲸,无尽道场中投下阴影的古鲸,大罗_后期_无尽道场_普通怪_道场古鲸_full.png,大罗_后期_无尽道场_普通怪_道场古鲸_thumb.png,1024x1536,透明背景,中国修仙世界观妖物立绘，大罗后期，道场古鲸，无尽道场中投下阴影的古鲸，类型为普通怪，竖版单体角色立绘，正面或三分之四视角，细节清晰，适合微信小游戏战斗界面，透明背景，金棕冷暗色调，非Q版，非科幻。,待生成
大罗_后期_无尽道场_小Boss_无尽鲸君,大罗,后期,无尽道场,小Boss,无尽鲸君,道场深处的鲸君,大罗_后期_无尽道场_小Boss_无尽鲸君_full.png,大罗_后期_无尽道场_小Boss_无尽鲸君_thumb.png,1024x1536,透明背景,中国修仙世界观妖物立绘，大罗后期，无尽鲸君，道场深处的鲸君，类型为小Boss，竖版单体角色立绘，正面或三分之四视角，细节清晰，适合微信小游戏战斗界面，透明背景，金棕冷暗色调，非Q版，非科幻。,待生成
大罗_后期_无尽道场_大Boss_寂灭鲸祖,大罗,后期,无尽道场,大Boss,寂灭鲸祖,无尽道场中最古老的鲸祖,大罗_后期_无尽道场_大Boss_寂灭鲸祖_full.png,大罗_后期_无尽道场_大Boss_寂灭鲸祖_thumb.png,1024x1536,透明背景,中国修仙世界观妖物立绘，大罗后期，寂灭鲸祖，无尽道场中最古老的鲸祖，类型为大Boss，竖版单体角色立绘，正面或三分之四视角，细节清晰，适合微信小游戏战斗界面，透明背景，金棕冷暗色调，非Q版，非科幻。,待生成
道祖_初期_道祖外庭_普通怪_混元古龙,道祖,初期,道祖外庭,普通怪,混元古龙,混元流光中显形的龙影,道祖_初期_道祖外庭_普通怪_混元古龙_full.png,道祖_初期_道祖外庭_普通怪_混元古龙_thumb.png,1024x1536,透明背景,中国修仙世界观妖物立绘，道祖初期，混元古龙，混元流光中显形的龙影，类型为普通怪，竖版单体角色立绘，正面或三分之四视角，细节清晰，适合微信小游戏战斗界面，透明背景，金棕冷暗色调，非Q版，非科幻。,待生成
道祖_初期_道祖外庭_小Boss_混元龙将,道祖,初期,道祖外庭,小Boss,混元龙将,执掌混元龙息的龙将,道祖_初期_道祖外庭_小Boss_混元龙将_full.png,道祖_初期_道祖外庭_小Boss_混元龙将_thumb.png,1024x1536,透明背景,中国修仙世界观妖物立绘，道祖初期，混元龙将，执掌混元龙息的龙将，类型为小Boss，竖版单体角色立绘，正面或三分之四视角，细节清晰，适合微信小游戏战斗界面，透明背景，金棕冷暗色调，非Q版，非科幻。,待生成
道祖_初期_道祖外庭_大Boss_万道龙祖,道祖,初期,道祖外庭,大Boss,万道龙祖,道场尽头盘踞的龙祖真影,道祖_初期_道祖外庭_大Boss_万道龙祖_full.png,道祖_初期_道祖外庭_大Boss_万道龙祖_thumb.png,1024x1536,透明背景,中国修仙世界观妖物立绘，道祖初期，万道龙祖，道场尽头盘踞的龙祖真影，类型为大Boss，竖版单体角色立绘，正面或三分之四视角，细节清晰，适合微信小游戏战斗界面，透明背景，金棕冷暗色调，非Q版，非科幻。,待生成
道祖_中期_混元大道_普通怪_大道古龙,道祖,中期,混元大道,普通怪,大道古龙,大道震鸣时浮现的古龙,道祖_中期_混元大道_普通怪_大道古龙_full.png,道祖_中期_混元大道_普通怪_大道古龙_thumb.png,1024x1536,透明背景,中国修仙世界观妖物立绘，道祖中期，大道古龙，大道震鸣时浮现的古龙，类型为普通怪，竖版单体角色立绘，正面或三分之四视角，细节清晰，适合微信小游戏战斗界面，透明背景，金棕冷暗色调，非Q版，非科幻。,待生成
道祖_中期_混元大道_小Boss_大道龙侯,道祖,中期,混元大道,小Boss,大道龙侯,大道尽头的龙侯,道祖_中期_混元大道_小Boss_大道龙侯_full.png,道祖_中期_混元大道_小Boss_大道龙侯_thumb.png,1024x1536,透明背景,中国修仙世界观妖物立绘，道祖中期，大道龙侯，大道尽头的龙侯，类型为小Boss，竖版单体角色立绘，正面或三分之四视角，细节清晰，适合微信小游戏战斗界面，透明背景，金棕冷暗色调，非Q版，非科幻。,待生成
道祖_中期_混元大道_大Boss_万道龙祖,道祖,中期,混元大道,大Boss,万道龙祖,混元大道真正的终极龙祖,道祖_中期_混元大道_大Boss_万道龙祖_full.png,道祖_中期_混元大道_大Boss_万道龙祖_thumb.png,1024x1536,透明背景,中国修仙世界观妖物立绘，道祖中期，万道龙祖，混元大道真正的终极龙祖，类型为大Boss，竖版单体角色立绘，正面或三分之四视角，细节清晰，适合微信小游戏战斗界面，透明背景，金棕冷暗色调，非Q版，非科幻。,待生成
道祖_后期_万道之心_普通怪_万道古龙,道祖,后期,万道之心,普通怪,万道古龙,守在万道之心外围的古龙,道祖_后期_万道之心_普通怪_万道古龙_full.png,道祖_后期_万道之心_普通怪_万道古龙_thumb.png,1024x1536,透明背景,中国修仙世界观妖物立绘，道祖后期，万道古龙，守在万道之心外围的古龙，类型为普通怪，竖版单体角色立绘，正面或三分之四视角，细节清晰，适合微信小游戏战斗界面，透明背景，金棕冷暗色调，非Q版，非科幻。,待生成
道祖_后期_万道之心_小Boss_万道龙君,道祖,后期,万道之心,小Boss,万道龙君,万道之心前的龙君,道祖_后期_万道之心_小Boss_万道龙君_full.png,道祖_后期_万道之心_小Boss_万道龙君_thumb.png,1024x1536,透明背景,中国修仙世界观妖物立绘，道祖后期，万道龙君，万道之心前的龙君，类型为小Boss，竖版单体角色立绘，正面或三分之四视角，细节清晰，适合微信小游戏战斗界面，透明背景，金棕冷暗色调，非Q版，非科幻。,待生成
道祖_后期_万道之心_大Boss_万道龙祖,道祖,后期,万道之心,大Boss,万道龙祖,万道之心核心显现的龙祖,道祖_后期_万道之心_大Boss_万道龙祖_full.png,道祖_后期_万道之心_大Boss_万道龙祖_thumb.png,1024x1536,透明背景,中国修仙世界观妖物立绘，道祖后期，万道龙祖，万道之心核心显现的龙祖，类型为大Boss，竖版单体角色立绘，正面或三分之四视角，细节清晰，适合微信小游戏战斗界面，透明背景，金棕冷暗色调，非Q版，非科幻。,待生成
